user_id,experiment_type,suggestion,age,movie enthusiast,trust,Occupation or profession,gender,education,marital status 
65c861b8-2144-47df-a18c-6c9991de3536,0,,26-29 anos,Concordo Pouco,Concordo Pouco,Educa√ß√£o,Feminino,P√≥s gradua√ß√£o incompleta,Casado(a)
602ccabb-118f-47e1-aaad-167ac1847bcc,0,,34-37 anos,Concordo Pouco,Concordo Moderadamente,Vendedora,Feminino,Ensino M√©dio completo,Solteiro(a)
ce7c1b76-63b5-4890-81a6-b29a9ab99432,0,,30-33 anos,"Nem Concordo, Nem Discordo",Concordo Pouco,Professora,Feminino,Ensino superior completo,Solteiro(a)
1ced4e5c-69e1-496a-99a4-106f4f536f0e,0,,26-29 anos,Concordo Moderadamente,Concordo Moderadamente,Monitora de Brinquedos Infl√°veis,Feminino,Ensino M√©dio completo,Solteiro(a)
33e39ca7-b3be-4516-b734-450d9789450a,0,,34-37 anos,Concordo Pouco,Concordo Moderadamente,Departamento financeiro,Feminino,P√≥s gradua√ß√£o completa,Casado(a)
134be51c-9495-4278-babe-763b7e8f0791,0,,26-29 anos,Discordo Pouco,"Nem Concordo, Nem Discordo",Fisioterapeuta,Feminino,P√≥s gradua√ß√£o completa,Solteiro(a)
1bb39696-2c18-4802-8f5a-c14f4a93d9e8,0,"Tenho um elogio: 
Quando classifiquei filmes que assisti, fiquei surpresa logo depois, pois as sugest√µes batiam com os meus interesses, filmes que eu realmente gosto. 
Confesso que eu deveria ter classificado mais filmes, eu poderia ter me impressionado com as sugest√µes. Eu n√£o precisava ter ficado presa naqueles ‚Äú7 filmes para classificar‚Äù
Espero fazer diferente na pr√≥xima, para receber algumas novas op√ß√µes para assistir, de acordo com meus interesses hahaha.",22-25 anos,Concordo Pouco,Concordo Moderadamente,Recepcionista,Feminino,Ensino M√©dio completo,Uni√£o Est√°vel
cbb8548d-52c0-4b86-b39c-9b20c85e1fa0,0,,22-25 anos,Concordo Pouco,Concordo Moderadamente,Contadora;,Feminino,Ensino superior completo,Solteiro(a)
87d04ee9-abbf-4c8d-bdfd-49f72c61ca94,0,,38-40 anos,Concordo Totalmente,Concordo Totalmente,Bordadeira,Feminino,Ensino superior incompleto,Solteiro(a)
a41192e6-6d17-4d90-84d8-4f8331e85140,0,,22-25 anos,"Nem Concordo, Nem Discordo",Concordo Pouco,Auxiliar de produ√ß√£o,Feminino,Ensino M√©dio completo,Solteiro(a)
aa8c3ba8-9b6f-4d31-b643-4e1f390e5be4,0,,34-37 anos,Concordo Moderadamente,"Nem Concordo, Nem Discordo",Especialista em entrepes servi√ßo,Feminino,Ensino superior incompleto,Casado(a)
b24ff372-b5d6-452d-9b93-2b74390b9c52,0,Esse sistema √© igual ao Netflix...ele v√™ algo que vc assistiu e s√≥ seleciona coisas como aquele que vc viu... at√© parece que s√≥ gostamos daquilo,30-33 anos,Concordo Moderadamente,Concordo Moderadamente,Massoterapeuta e acupunturista,Feminino,Ensino superior completo,Solteiro(a)
98ec369d-3cc1-48c2-b5ab-9bf483b1155f,0,,34-37 anos,Concordo Pouco,Discordo Moderadamente,Confeiteira,Feminino,Ensino superior completo,Casado(a)
51e1fa02-0e5e-450c-b02f-977d6186dd86,0,,22-25 anos,Concordo Totalmente,Concordo Totalmente,Assessora de Rela√ß√µes Internacionais J√∫nior,Feminino,P√≥s gradua√ß√£o incompleta,Solteiro(a)
98ff98e9-0065-4479-8655-d503fc54499f,0,Colocar mais filmes na primeira p√°gina,22-25 anos,Concordo Totalmente,Concordo Totalmente,Estudante de psicologia,Feminino,Ensino superior incompleto,Uni√£o Est√°vel
3b7b8e58-df7e-4468-8ee8-4aeccc40266d,0,,30-33 anos,Discordo Totalmente,Discordo Moderadamente,Concurso,Feminino,Ensino superior completo,Casado(a)
79b61be5-176f-41c8-ae82-45f1d5566d01,0,,34-37 anos,Concordo Pouco,Concordo Moderadamente,Contadora,Feminino,Ensino superior completo,Outro
916a12dc-1c57-4012-8a95-6221407ee3de,0,,18-21 anos,Concordo Moderadamente,Concordo Moderadamente,Estudante de educa√ß√£o,Feminino,Ensino superior incompleto,Solteiro(a)
05e111a0-3e6d-4bbe-a238-4982e1620251,0,,26-29 anos,Concordo Totalmente,Concordo Pouco,Cineasta,Feminino,P√≥s gradua√ß√£o completa,Uni√£o Est√°vel
af4bbfec-6809-4769-ad53-3c0000e3293e,0,,34-37 anos,Concordo Pouco,"Nem Concordo, Nem Discordo",Auxiliar de limpeza,Feminino,Ensino superior completo,Casado(a)
e086d2d1-9652-4ae0-81cc-c5c44eed79f2,0,,22-25 anos,Concordo Moderadamente,Concordo Totalmente,Fisioterapeuta.,Feminino,Ensino superior completo,Solteiro(a)
816b95b0-51c3-4c74-bfbb-08cfe7bde3ba,0,,22-25 anos,Discordo Pouco,Concordo Moderadamente,Estudante de engenharia civil,Feminino,Ensino superior incompleto,Solteiro(a)
e22e6ca0-aca2-48e6-92a4-07203591f266,0,Adicionar filmes mais novos e populares,22-25 anos,Concordo Moderadamente,Concordo Totalmente,Desempregada,Feminino,Ensino superior completo,Solteiro(a)
251c18f1-0914-49db-b06c-139a31a877bb,0,,30-33 anos,Concordo Moderadamente,Concordo Moderadamente,Artes√£,Feminino,Ensino superior completo,Casado(a)
0b28af51-0dc9-4bd0-886c-c6e92dcc8125,0,Interessante.,26-29 anos,Concordo Totalmente,Concordo Totalmente,Auxiliar de cozinha,Feminino,Ensino M√©dio completo,Solteiro(a)
9d4c8fa0-773c-4883-8e51-c038de3437b1,0,,30-33 anos,Concordo Pouco,Concordo Pouco,Auxiliar fiscal,Feminino,Ensino superior completo,Casado(a)
dc7936ab-92e6-42b2-9404-5dc0fb28ec4f,0,"Acho que seria v√°lido ter um campo que a pessoa informe os g√™neros preferidos ou at√© mesmo que possa indicar alguns filmes que j√° assistiu para que o sistema entenda e fa√ßa as indica√ß√µes a partir da√≠. Muitos filmes que assisti e procurei, n√£o estavam contemplados na lista, o que tornou dif√≠cil a sele√ß√£o para andamento da pesquisa. Mas achei o tema bem v√°lido. Parab√©ns",34-37 anos,"Nem Concordo, Nem Discordo",Discordo Moderadamente,Nutricionista,Feminino,Ensino superior completo,Solteiro(a)
3740bdee-8860-41c3-8d68-b6efbb96bd9f,0,,22-25 anos,Concordo Moderadamente,Concordo Totalmente,Enfermeira,Feminino,P√≥s gradua√ß√£o incompleta,Solteiro(a)
706b8a5c-8f14-4087-afb4-abdab92263c7,0,Achei incr√≠vel!,22-25 anos,"Nem Concordo, Nem Discordo",Concordo Moderadamente,Vendedora,Feminino,Ensino superior incompleto,Solteiro(a)
0520d67c-52b8-445b-aced-0d669d3ea705,0,,22-25 anos,"Nem Concordo, Nem Discordo",Concordo Moderadamente,Estudante de Med. Vet.,Feminino,Ensino superior completo,Casado(a)
b89449c6-5993-4d4f-aae6-6fefd95ae6ef,0,,30-33 anos,"Nem Concordo, Nem Discordo",Concordo Pouco,Bi√≥loga,Feminino,Ensino superior completo,Solteiro(a)
e4c6c5b5-748a-40b1-8b3c-8c91dd1b43c7,0,"achei √≥timo, bem √∫til.",22-25 anos,Concordo Moderadamente,Concordo Moderadamente,cuidadora de Idosos.,Feminino,Ensino M√©dio completo,Solteiro(a)
c96b2053-4a1e-4eb7-a352-929737d192b3,0,,34-37 anos,Concordo Moderadamente,Concordo Pouco,psic√≥loga,Feminino,P√≥s gradua√ß√£o incompleta,Uni√£o Est√°vel
2146a108-9923-455d-a922-92b94f8eb152,0,Gostei bastante,26-29 anos,Concordo Totalmente,Concordo Totalmente,Bi√≥loga,Feminino,P√≥s gradua√ß√£o incompleta,Solteiro(a)
8caa1e0b-d450-4ec9-9524-032dd5783dfa,0,,26-29 anos,"Nem Concordo, Nem Discordo",Concordo Moderadamente,Arquiteta,Feminino,Ensino superior completo,Solteiro(a)
586afed8-5f9c-44ec-b813-6c63505d5f6b,0,,30-33 anos,Concordo Moderadamente,Discordo Pouco,Servidora p√∫blica estadual (Direito),Feminino,Ensino superior completo,Solteiro(a)
15cf8220-70c4-4c5b-8d11-02edd2efc927,0,,38-40 anos,Concordo Moderadamente,Concordo Pouco,Vendas,Feminino,Ensino superior completo,Casado(a)
038fb863-ddf6-4873-b2e6-62efb1895049,0,Amei participar do experimento e me sinto lisonjeada em cooperar com ele ü§ç,26-29 anos,Concordo Pouco,Concordo Moderadamente,Assistente administrativa,Feminino,Ensino superior completo,Solteiro(a)
6a6d3664-0b16-4570-801b-5b3aebff0a27,0,,38-40 anos,Concordo Pouco,Concordo Pouco,Estudante de Psicologia,Feminino,P√≥s gradua√ß√£o completa,Solteiro(a)
781dc3f3-c6f0-4d11-a85a-a9be2189be9f,0,"Os algoritmos foram definidos de modo correto. 
Se for para dar uma sugest√£o, poderia ter mais op√ß√µes de filmes mesmo que seja de mesmo g√™nero, visto que precis√°vamos avaliar 7 filmes, deveria ter o dobro por exemplo de op√ß√µes pois alguns filmes podem n√£o se conhecidos pra uns.",34-37 anos,Concordo Moderadamente,Concordo Moderadamente,Desempregada,Feminino,Ensino superior completo,Solteiro(a)
93ce4de2-482c-41bb-b214-9c1c368201f3,0,,22-25 anos,Concordo Pouco,"Nem Concordo, Nem Discordo",Pedagogia,Feminino,Ensino superior incompleto,Solteiro(a)
a0c0a6fe-ca11-4776-8565-2a1d18fd4b54,0,,18-21 anos,"Nem Concordo, Nem Discordo",Concordo Totalmente,Direito,Feminino,Ensino M√©dio completo,Solteiro(a)
3d31cc5d-568c-4f10-afde-4bef314cc10a,0,,22-25 anos,Concordo Moderadamente,Concordo Moderadamente,Atendente,Feminino,P√≥s gradua√ß√£o completa,Solteiro(a)
b10ee769-d53e-4387-8a5c-62535432fc87,0,,18-21 anos,Concordo Moderadamente,Concordo Pouco,Farm√°cia,Feminino,Ensino M√©dio completo,Solteiro(a)
71a9adc6-362f-4224-949f-640ce3cbc992,0,,26-29 anos,Concordo Pouco,Concordo Moderadamente,Enfermeira,Feminino,Ensino superior completo,Casado(a)
4f546aca-b73e-4050-96b0-5b06bb25b930,0,,26-29 anos,Concordo Moderadamente,Concordo Totalmente,Bookstan,Feminino,Ensino superior incompleto,Solteiro(a)
6c2f738c-0c1d-43f3-b2b5-ce4fe907e8f8,0,,34-37 anos,Concordo Totalmente,Concordo Pouco,Enfermeira,Feminino,P√≥s gradua√ß√£o incompleta,Casado(a)
f17adced-df35-453f-847b-004df119d88f,0,,22-25 anos,"Nem Concordo, Nem Discordo",Concordo Moderadamente,Enfermeira,Feminino,P√≥s gradua√ß√£o incompleta,Casado(a)
aeab3ac0-68c6-4e49-a0d2-74f1d80134a4,0,,18-21 anos,Concordo Totalmente,Concordo Totalmente,Sou estudante do 3 ano do ensino m√©dio,Feminino,Ensino superior completo,Solteiro(a)
735fa927-d7b8-421b-9b88-93067282fbfc,0,"J√° fui estudante da √°rea de T.I. e achei o experimento bem interessante, √≥timo trabalho!",18-21 anos,Concordo Moderadamente,Concordo Totalmente,Estudante da √Årea da sa√∫de,Feminino,Ensino superior incompleto,Solteiro(a)
ce5bf1dc-15ac-41b7-a3ae-100a3bebfb6e,0,,38-40 anos,Concordo Totalmente,Concordo Moderadamente,T√©cnica em Enfermagem,Feminino,Ensino M√©dio completo,Outro
817b4ea5-f103-4ef2-bb73-d980c057680f,0,,30-33 anos,"Nem Concordo, Nem Discordo","Nem Concordo, Nem Discordo",Analista de suporte t√©cnico,Feminino,P√≥s gradua√ß√£o completa,Solteiro(a)
6b2ba2f9-02de-4cb4-8a66-5753ae1a230a,0,,18-21 anos,Concordo Pouco,Concordo Moderadamente,Estagi√°ria de engenharia civil,Feminino,Ensino superior incompleto,Solteiro(a)
5e3d50d5-2435-4136-8c26-f9aa7f905d7b,0,,26-29 anos,Concordo Pouco,Concordo Moderadamente,Estudante de administra√ß√£o,Feminino,Ensino superior incompleto,Solteiro(a)
b65f8f9f-0a8a-4bd2-a9af-420990929c11,0,,22-25 anos,Concordo Moderadamente,Concordo Moderadamente,Analista de marketing,Feminino,Ensino superior completo,Solteiro(a)
8741cdde-a25b-4350-b6d5-764aa0798cbf,0,"Adorei o programa, acho que vai ser bem √∫til para os que n√£o tem ideia do que assistir, s√≥ tentam mudar para n√£o ficar preso nas franquias que os telespectadores j√° haviam classificado",22-25 anos,Concordo Totalmente,"Nem Concordo, Nem Discordo",Estudante de veterin√°ria,Feminino,P√≥s gradua√ß√£o incompleta,Solteiro(a)
20d614ce-927b-4b4e-8314-897202018e91,0,,22-25 anos,Concordo Moderadamente,Concordo Totalmente,Professora de Educa√ß√£o F√≠sica,Feminino,Ensino superior completo,Solteiro(a)
233104be-f47d-4c4c-b4e0-9d302a18c4a5,0,,22-25 anos,Discordo Moderadamente,Discordo Totalmente,Repositor,Feminino,Ensino M√©dio completo,Casado(a)
c4f2f4c0-426b-4f80-9dbc-ce3f24c479c5,0,,34-37 anos,Concordo Moderadamente,Concordo Pouco,Assistente social,Feminino,Ensino superior completo,Separado(a)
cf6118f0-6e50-434c-8ad4-8d2540d615d2,0,,18-21 anos,"Nem Concordo, Nem Discordo",Concordo Pouco,Ci√™ncia Agr√°rias: Medicina Veterin√°ria,Feminino,Ensino superior incompleto,Solteiro(a)
45367285-2591-4f0c-92bb-0a2150d35457,0,Gostei bastante do projeto e fico feliz de ter participado,18-21 anos,"Nem Concordo, Nem Discordo",Concordo Pouco,Operador de telesservi√ßos,Feminino,Ensino M√©dio completo,Solteiro(a)
15edc4a0-288c-465e-889f-edd8ca8545c2,0,,18-21 anos,Discordo Totalmente,"Nem Concordo, Nem Discordo",Estudante de psicologia,Feminino,Ensino superior incompleto,Solteiro(a)
6ce629b4-931d-47a9-9da2-6b18efe476bf,0,,30-33 anos,Concordo Moderadamente,Concordo Moderadamente,T√©cnica de laborat√≥rio,Feminino,P√≥s gradua√ß√£o completa,Uni√£o Est√°vel
6f257436-df04-4b2a-ad55-6303168a538a,0,,22-25 anos,Concordo Pouco,Concordo Moderadamente,Estudante ( pr√©-vestibular ),Feminino,Ensino M√©dio completo,Solteiro(a)
e3e8799a-8e4d-4cf7-b92c-62888fb12824,0,,22-25 anos,Concordo Pouco,Concordo Pouco,Bacharel em direito e estudante de enfermagem,Feminino,Ensino superior completo,Solteiro(a)
f206c24c-c8ec-4248-8aec-80c84c1cd2b9,0,"Colocar filmes menos conhecidos e trocar o or√ßamento do filme por uma legenda com o nome dos atores. Dificilmente algu√©m leva em considera√ß√£o o or√ßamento do filme quando est√° procurando uma recomenda√ß√£o, mas gostam de saber os atores que o comp√µe.",22-25 anos,Concordo Pouco,Concordo Pouco,Advogada,Feminino,Ensino superior completo,Solteiro(a)
e9226fab-1196-4afb-97b0-b33a78aae387,0,,22-25 anos,Discordo Pouco,Concordo Moderadamente,Area da sa√∫de,Feminino,Ensino M√©dio completo,Uni√£o Est√°vel
6e763514-4afc-4335-9428-ad4e6821892e,0,,22-25 anos,Discordo Moderadamente,Discordo Pouco,Secret√°ria Executiva,Feminino,Ensino M√©dio completo,Solteiro(a)
1e61c659-342e-4227-b161-89797e7b89ae,0,,22-25 anos,Concordo Moderadamente,Concordo Moderadamente,Estudante - engenharia florestal,Feminino,Ensino superior incompleto,Solteiro(a)
a53806fe-4636-4541-ac44-2d3e74918a27,0,,22-25 anos,Concordo Totalmente,Concordo Moderadamente,Farm√°cia,Feminino,Ensino superior completo,Solteiro(a)
fcf60061-94bf-4c81-91aa-be4830968b3b,0,,30-33 anos,"Nem Concordo, Nem Discordo","Nem Concordo, Nem Discordo",Professora,Feminino,P√≥s gradua√ß√£o completa,Casado(a)
0ea60adf-c84f-4ddf-a4eb-97e8298980fa,0,,22-25 anos,Concordo Totalmente,Concordo Pouco,Estudando alimentos,Feminino,Ensino M√©dio completo,Solteiro(a)
3d1afa6d-de7c-448f-96ac-f8a8ac7b61d5,0,,22-25 anos,Concordo Pouco,Concordo Moderadamente,Assistente Social,Feminino,Ensino superior completo,Solteiro(a)
f4498d49-690c-4ac6-b23e-f3d82cce3784,0,,38-40 anos,Concordo Totalmente,Concordo Totalmente,Tsb,Feminino,Ensino M√©dio completo,Uni√£o Est√°vel
82d2deb1-d5f2-472c-8f14-6bf208e08474,0,"Achei muito bom, por√©m n√£o consegui achar alguns filmes na hora da pesquisa, somente",18-21 anos,"Nem Concordo, Nem Discordo",Concordo Totalmente,Assistente t√©cnico administrativo,Feminino,Ensino M√©dio completo,Uni√£o Est√°vel
b9da77cc-e5df-4731-9a46-c65de4911ade,0,,18-21 anos,Concordo Moderadamente,Discordo Pouco,Auxiliar administrativo,Feminino,Ensino M√©dio completo,Solteiro(a)
6f67727a-e79e-43b6-b74a-db81f3f36988,0,,22-25 anos,Concordo Pouco,Discordo Totalmente,Biom√©dica Esteta,Feminino,P√≥s gradua√ß√£o completa,Solteiro(a)
7ea4e5b1-8ecb-449a-9950-5c4bf5ecf902,0,,22-25 anos,"Nem Concordo, Nem Discordo",Concordo Moderadamente,Auxiliar administrativo,Feminino,Ensino M√©dio completo,Solteiro(a)
1c4bd583-2c24-4974-8bc9-b802c0c7fbc8,1,.,22-25 anos,Concordo Totalmente,Concordo Totalmente,Operadora de caixa,Feminino,Ensino M√©dio incompleto,Casado(a)
4907b1c3-9a4b-45e3-bd9a-e9f2b7913bd7,1,,30-33 anos,Concordo Totalmente,Concordo Moderadamente,Advogada,Feminino,Ensino superior completo,Casado(a)
896b9fb3-88eb-42cd-84bd-9152682360ea,1,"Seria bom que os filmes recomendados n√£o fossem os mesmos da lista de assistidos. Tambem seria bom recomendar filmes filtrando por est√∫dio, diretor ou atores.",22-25 anos,Discordo Pouco,Concordo Pouco,Vendedora,Feminino,Ensino M√©dio completo,Uni√£o Est√°vel
a5bb6523-f6f5-42b2-8f8f-5795995445fe,1,,26-29 anos,Concordo Totalmente,Concordo Pouco,TEC em an√°lises cl√≠nicas,Feminino,Ensino M√©dio completo,Uni√£o Est√°vel
b8a66e34-d018-4093-a5ef-18f08d22250a,1,,26-29 anos,Discordo Totalmente,Concordo Moderadamente,Marketing,Feminino,Ensino superior completo,Casado(a)
02f044f1-095f-45d3-87aa-f0a58772b09e,1,,26-29 anos,Concordo Totalmente,Concordo Pouco,.,Feminino,Ensino superior incompleto,Casado(a)
3831c6dd-4009-4c5e-9722-de082dd37390,1,,22-25 anos,"Nem Concordo, Nem Discordo",Discordo Moderadamente,Estudante de licenciatura em Hist√≥ria,Feminino,Ensino superior incompleto,Solteiro(a)
6933eeb4-3cbe-43d1-9236-ccc32efbd8b2,1,,Mais de 40 anos,Discordo Moderadamente,Discordo Pouco,Professor,Feminino,Ensino superior incompleto,Solteiro(a)
a40b005f-efe2-4117-b84a-edbe27c71314,1,,18-21 anos,Concordo Pouco,Concordo Pouco,Estudante de Ci√™ncia da Computa√ß√£o,Outro,Ensino superior incompleto,Solteiro(a)
3635b733-b712-4d5a-acda-30d79052d5ac,1,,18-21 anos,"Nem Concordo, Nem Discordo",Concordo Moderadamente,Estudante do ensino m√©dio,Feminino,Ensino M√©dio completo,Solteiro(a)
4c199ee7-e619-4b23-a2cc-4e7c597763b9,1,,26-29 anos,Concordo Pouco,"Nem Concordo, Nem Discordo",Estudante de engenharia civil,Feminino,Ensino superior incompleto,Solteiro(a)
e95cf640-39be-444f-a49e-1085b3e140ee,1,,18-21 anos,Concordo Moderadamente,Concordo Pouco,Estagi√°ria em escola de crian√ßas,Feminino,Ensino M√©dio completo,Uni√£o Est√°vel
d2bfb344-e181-43bb-aa5e-6268c6eeff3d,1,,30-33 anos,"Nem Concordo, Nem Discordo",Concordo Totalmente,Artes√£,Feminino,Ensino superior incompleto,Casado(a)
a5bfebfa-0d40-4e2b-9852-04808af90fbd,1,,26-29 anos,Concordo Totalmente,Concordo Totalmente,Psic√≥loga,Feminino,P√≥s gradua√ß√£o completa,Solteiro(a)
59ffcdef-f70d-45ad-bc35-a6573f25e5b2,1,,26-29 anos,Concordo Moderadamente,Concordo Moderadamente,Analista de dados e Graduando em Ci√™ncias Econ√¥micas,Masculino,Ensino superior incompleto,Solteiro(a)
9182187a-be50-4362-b450-595745578da3,1,,22-25 anos,Concordo Pouco,Concordo Pouco,Bailarina e professora,Feminino,Ensino superior completo,Solteiro(a)
9b267736-94b7-4e6e-a31b-95945d357b9c,1,,22-25 anos,Concordo Pouco,Concordo Moderadamente,Analista de Laborat√≥rio jr,Feminino,Ensino superior completo,Solteiro(a)
9c4fa3ac-38d0-4b63-9d0f-2e74d8453aaa,1,,30-33 anos,Concordo Pouco,Concordo Pouco,Artes√£,Feminino,Ensino superior completo,Casado(a)
20800aae-61a6-4d99-944b-6e675a6f67dc,1,,26-29 anos,Concordo Moderadamente,Concordo Moderadamente,Eu sou estudante de p√≥s-gradua√ß√£o n√≠vel mestrado em Agricultura e Biodiversidade,Feminino,Ensino superior completo,Solteiro(a)
82907c4b-4267-46a0-8ac9-8755d2d2e7b9,1,,26-29 anos,Concordo Totalmente,Concordo Totalmente,Psic√≥loga,Feminino,P√≥s gradua√ß√£o completa,Solteiro(a)
fad8ff3b-577c-43b3-96ed-08a7612d5156,1,"Ampliar os filmes no cat√°logo. Na hora de selecionar os filmes que j√° assisti, muitos do que pesquisei n√£o apareceram.",22-25 anos,Concordo Totalmente,Concordo Totalmente,Professora de arte,Feminino,P√≥s gradua√ß√£o incompleta,Solteiro(a)
f661ee33-2f86-4c93-9e20-e0c5b83735b1,1,,38-40 anos,Concordo Totalmente,Concordo Totalmente,Vendora,Feminino,Ensino M√©dio completo,Separado(a)
72c29668-22b7-495c-9f3e-a40dcd34b16f,1,,26-29 anos,"Nem Concordo, Nem Discordo",Concordo Moderadamente,Estudante de pedagogia,Feminino,Ensino superior incompleto,Solteiro(a)
048a0b29-7dd5-4454-be7e-09f37b670381,1,,Mais de 40 anos,Concordo Moderadamente,Concordo Moderadamente,Vendedora em editora de Livros,Feminino,P√≥s gradua√ß√£o completa,Casado(a)
dd7de6ff-2f07-489a-a391-0ad7d8ec2dbe,1,,22-25 anos,Discordo Totalmente,Concordo Totalmente,Medicina veterin√°ria,Feminino,Ensino superior incompleto,Solteiro(a)
f39c29dc-7bc4-40b8-b741-e98565fd338f,1,Achei bastante interessante o sistema de recomenda√ß√µes e usaria com toda certeza,Mais de 40 anos,Concordo Pouco,Concordo Moderadamente,Professora,Feminino,P√≥s gradua√ß√£o completa,Casado(a)
7a42bc55-84ae-47e2-b0d4-00c3d63777ec,1,,22-25 anos,Concordo Totalmente,Concordo Moderadamente,Auxiliar administrativa,Feminino,Ensino superior completo,Solteiro(a)
8a228fc0-004f-45b9-b07c-0df4323fce69,1,,Mais de 40 anos,Concordo Totalmente,Concordo Pouco,Arquiteta,Feminino,P√≥s gradua√ß√£o incompleta,Solteiro(a)
80a77ef9-4284-4da4-a16a-368b55b85c77,1,,Mais de 40 anos,Concordo Moderadamente,Concordo Moderadamente,Contadora,Feminino,Ensino superior completo,Casado(a)
cf7a46d0-8a58-4577-84a4-bd94c22e2106,1,Gostei da experi√™ncia,26-29 anos,Concordo Moderadamente,Concordo Moderadamente,Operador telesservi√ßos,Feminino,Ensino superior completo,Solteiro(a)
b6107668-87b6-4b99-b576-dda0c368f3e7,1,,34-37 anos,Concordo Pouco,Concordo Pouco,Atendente,Feminino,Ensino superior incompleto,Solteiro(a)
548a8320-3955-4185-826d-4943d27eabb0,1,,18-21 anos,Concordo Moderadamente,Concordo Moderadamente,Auxiliar administrativo e estudante de laborat√≥rio,Feminino,Ensino M√©dio completo,Solteiro(a)
34192248-6d1d-4494-9fd5-d12c9620da52,1,,26-29 anos,Concordo Moderadamente,Concordo Pouco,trabalho somente em casa,Feminino,Ensino M√©dio incompleto,Casado(a)
4fe002dc-5999-4eea-a22b-ced35bc84075,1,,30-33 anos,Concordo Moderadamente,Concordo Moderadamente,Escritora,Feminino,Ensino superior completo,Uni√£o Est√°vel
a07a6525-58e1-4e64-8c14-15ebb3e0e228,1,,22-25 anos,Concordo Pouco,Concordo Pouco,Estudante de Letras Ingl√™s,Feminino,Ensino superior incompleto,Solteiro(a)
620597f8-d1cf-4aad-b244-e713639d3e8e,1,,38-40 anos,Concordo Totalmente,Concordo Moderadamente,Aut√¥noma,Feminino,Ensino superior completo,Casado(a)
93b3f96d-e38a-4e72-91e3-4617e64ea904,1,,34-37 anos,Concordo Moderadamente,Concordo Pouco,T√©cnica de enfermagem,Feminino,Ensino M√©dio completo,Casado(a)
51bed5d0-5dbc-4a97-8995-3a17a498e31c,1,,Mais de 40 anos,Concordo Totalmente,Concordo Totalmente,Do lar,Feminino,Ensino M√©dio incompleto,Casado(a)
1cc65f23-3d27-4b03-8a9c-dd91c86e8350,1,Deveria ter mas op√ß√µes de escolha de filme,Mais de 40 anos,Discordo Moderadamente,Discordo Totalmente,Desempregada,Feminino,Ensino superior completo,Solteiro(a)
ccaa0ec7-3c35-4ebd-9120-83a52e7c2cf9,1,,34-37 anos,Discordo Pouco,Discordo Totalmente,Artes√£,Feminino,Ensino superior incompleto,Solteiro(a)
505c3a98-53a6-4922-8d2f-07a3fcad73a6,1,.,18-21 anos,Concordo Pouco,Concordo Moderadamente,Vendedora Interna,Feminino,Ensino superior incompleto,Solteiro(a)
b6751005-2af3-4c54-937f-7df74291fbfe,1,,22-25 anos,Concordo Totalmente,"Nem Concordo, Nem Discordo",Estudante de Pedagogia,Feminino,Ensino superior incompleto,Solteiro(a)
77e39f91-0c70-4175-88b0-6aa6a5f057a7,1,,26-29 anos,"Nem Concordo, Nem Discordo",Concordo Moderadamente,Atendente,Feminino,Ensino M√©dio completo,Casado(a)
7bfe444d-5691-480d-938f-902c3c97f6c5,1,,38-40 anos,"Nem Concordo, Nem Discordo",Concordo Pouco,Estudante Direito,Feminino,Ensino superior completo,Casado(a)
9216d40f-7c4e-4b1b-af28-68d1cde9c2fe,1,,18-21 anos,"Nem Concordo, Nem Discordo",Discordo Pouco,Tecnologia da Informa√ß√£o,Feminino,Ensino superior incompleto,Solteiro(a)
8c07e3e2-337b-4725-9e8d-79ad90bd1e53,1,,18-21 anos,"Nem Concordo, Nem Discordo",Concordo Moderadamente,Consultora,Feminino,Ensino superior incompleto,Casado(a)
584f239c-9715-47d6-9a7a-600d0b650a1b,1,,18-21 anos,Concordo Pouco,Concordo Moderadamente,Professora de Ingl√™s,Feminino,Ensino M√©dio completo,Solteiro(a)
fba51864-6819-4c43-bc7c-91ac12ac9c88,1,,26-29 anos,Concordo Moderadamente,Concordo Moderadamente,Pedagoga,Feminino,Ensino superior completo,Solteiro(a)
af4875c3-fe36-4a71-b557-9d5a69fed498,1,,30-33 anos,Discordo Pouco,"Nem Concordo, Nem Discordo",Servidor publico,Feminino,Ensino superior completo,Uni√£o Est√°vel
88239dce-a0c0-458c-b9d6-571cfd9d006a,1,Achei esse experimento muito interessante! Parab√©ns,22-25 anos,Concordo Moderadamente,Concordo Moderadamente,Operador de caixa,Feminino,Ensino M√©dio completo,Solteiro(a)
e945a3e0-a0eb-4122-a5f2-3e9d5affcadf,1,,Mais de 40 anos,Concordo Totalmente,"Nem Concordo, Nem Discordo",Orientadora Educacional,Feminino,Ensino M√©dio completo,Solteiro(a)
e336a2ff-3d27-441d-893e-7d2af1b5403f,1,"Gostei bastante, parab√©ns.
Com certeza usaria esse meio para procurar um filme.
Boa sorte.",22-25 anos,Concordo Moderadamente,Concordo Pouco,Fisioterapeuta,Feminino,P√≥s gradua√ß√£o incompleta,Uni√£o Est√°vel
8dd72841-00ed-472f-bd4d-555caaeb4eca,1,Muito bacana a ideia de sistema!,26-29 anos,Discordo Pouco,Concordo Pouco,Consultora Empresarial,Feminino,Ensino superior incompleto,Solteiro(a)
ccab26c5-92fb-4aae-8dec-6ba2b7d12ec3,1,,22-25 anos,Discordo Pouco,Concordo Totalmente,Enfermagem,Feminino,Ensino superior incompleto,Casado(a)
49c9c613-01bb-4df2-8bf6-a598a84aff39,1,"Pede para avaliar at√© 2 filmes. Selecionei 2 que conhecia, aumentou para 5 filmes. Selecionei e s√≥ conseguir prosseguir ao avaliar 8 filmes.",26-29 anos,"Nem Concordo, Nem Discordo","Nem Concordo, Nem Discordo",Auxiliar administrativo,Feminino,Ensino M√©dio completo,Solteiro(a)
d9e9b283-d8b1-4bf1-844d-d74c8368fa8b,1,,22-25 anos,Concordo Totalmente,Concordo Pouco,Militar,Masculino,Ensino M√©dio completo,Casado(a)
a8589adf-4a8c-4556-8d16-13414d6ad1c5,1,,22-25 anos,Concordo Moderadamente,Concordo Moderadamente,Estudante de Arquitetura,Feminino,Ensino superior incompleto,Solteiro(a)
ea2e617d-6a5f-459c-8cb5-7289d11fbc63,1,,Mais de 40 anos,Concordo Pouco,Concordo Moderadamente,Enfermeira,Feminino,P√≥s gradua√ß√£o completa,Uni√£o Est√°vel
62908259-d16e-4674-9b8a-18e0199819a9,1,,30-33 anos,Concordo Pouco,"Nem Concordo, Nem Discordo","Servidora p√∫blica 
Estudante de psicologia",Feminino,Ensino superior incompleto,Uni√£o Est√°vel
9fda0a76-c949-4d5e-8c7c-89a30c29bfba,1,,34-37 anos,Concordo Moderadamente,Concordo Pouco,Especialista de Log√≠stica,Feminino,P√≥s gradua√ß√£o completa,Solteiro(a)
034a9236-4442-4770-b6b1-2dda765e77cd,1,,30-33 anos,Discordo Totalmente,"Nem Concordo, Nem Discordo",Farmac√™utico,Feminino,Ensino superior completo,Uni√£o Est√°vel
63171c6b-39ee-4105-a57e-a069f7fad504,1,,22-25 anos,Discordo Totalmente,Concordo Moderadamente,Estudante de RH,Feminino,Ensino M√©dio completo,Uni√£o Est√°vel
d2a95a47-16c9-4f7c-ba6f-87239681f011,1,"Experimento interessante, nunca tinha parado para pensar sobre intelig√™ncia artificial e recomenda√ß√£o de filmes.",34-37 anos,"Nem Concordo, Nem Discordo",Concordo Pouco,Professora,Feminino,P√≥s gradua√ß√£o completa,Casado(a)
6c247775-f5be-4b30-b9db-bb8517fe45d1,1,,18-21 anos,Concordo Pouco,Concordo Pouco,Estudante de design,Masculino,Ensino superior incompleto,Solteiro(a)
fb1c49b2-29b2-4279-aac5-52e0722ead0e,1,,22-25 anos,Discordo Pouco,"Nem Concordo, Nem Discordo",Estudante (gradua√ß√£o) Geografia - licenciatura,Feminino,Ensino superior incompleto,Solteiro(a)
1783d7ef-9a54-4ea6-b5d5-132953967b7f,1,,26-29 anos,Concordo Moderadamente,Concordo Pouco,Desempregada,Feminino,Ensino superior incompleto,Solteiro(a)
f5d201b1-3ff9-40cf-9971-77b3f6c815bd,1,,22-25 anos,Concordo Pouco,"Nem Concordo, Nem Discordo",Enfermagem,Feminino,Ensino superior completo,Solteiro(a)
30c46b96-488f-48ab-bf1d-f8d5ec8b2eb0,1,,26-29 anos,Concordo Moderadamente,Concordo Pouco,Professor,Feminino,Ensino superior completo,Casado(a)
9e81b15a-899a-4274-bc94-7a7af043bb3c,2,,22-25 anos,Concordo Pouco,Concordo Moderadamente,Professora,Feminino,Ensino superior incompleto,Solteiro(a)
5870e8c5-74a8-4c78-bc3e-f999ed005421,2,,34-37 anos,"Nem Concordo, Nem Discordo",Concordo Moderadamente,Professora,Feminino,P√≥s gradua√ß√£o completa,Casado(a)
e881e24f-89ef-4b65-929d-a99777fb7462,2,Nada a declarar,22-25 anos,"Nem Concordo, Nem Discordo","Nem Concordo, Nem Discordo",Internacionalista,Feminino,Ensino superior completo,Solteiro(a)
17e0049d-5913-46a2-9a14-919ff844f460,2,,18-21 anos,Concordo Pouco,Concordo Moderadamente,Direito,Feminino,Ensino M√©dio completo,Solteiro(a)
6fdae1a6-a5e7-4bfd-b8e1-2516eb297fe2,2,,22-25 anos,"Nem Concordo, Nem Discordo",Concordo Moderadamente,M√©dica veterin√°ria,Feminino,P√≥s gradua√ß√£o incompleta,Solteiro(a)
cf6b9c28-58f2-4a02-a19e-00d3d1fff6a4,2,Um √≥timo experimento,22-25 anos,Concordo Pouco,Discordo Pouco,Estudante,Feminino,P√≥s gradua√ß√£o incompleta,Solteiro(a)
432774c4-f06f-4f11-a56d-fe17f5a64100,2,,18-21 anos,"Nem Concordo, Nem Discordo",Concordo Pouco,Recepcionista,Feminino,Ensino M√©dio completo,Solteiro(a)
c4004fad-644e-4241-99c2-2b7cd0dcf7cb,2,"Achei muito interessante, parab√©ns! Seria legal se voc√™s disponibilizassem uma API pra fazer integra√ß√£o com outros projetos, tipo um app do estilo do Watcht (pra salvar filmes/s√©ries assistidas) ter uma √°rea pra recomenda√ß√µes usando a IA de voc√™s.",18-21 anos,Concordo Moderadamente,Concordo Moderadamente,Estudante de Ci√™ncia da Computa√ß√£o,Feminino,Ensino superior incompleto,Solteiro(a)
ab4bad05-2c9e-4861-8298-1bc2bd09b2b1,2,,22-25 anos,Concordo Totalmente,Concordo Moderadamente,Designer de interiores,Feminino,Ensino superior incompleto,Casado(a)
bc763b68-86e9-4636-bacb-77d92c0c6dba,2,,18-21 anos,Concordo Pouco,Concordo Moderadamente,Estudante de letras.,Feminino,Ensino superior incompleto,Casado(a)
459b227c-d1a6-44c0-8990-a983e5370103,2,Achei bem legal essa ideia,Mais de 40 anos,Concordo Moderadamente,Concordo Moderadamente,Consultora externa e estudante de Psicologia,Feminino,Ensino superior completo,Casado(a)
c093b62b-b165-4f8b-9b77-ebd383090bcd,2,,30-33 anos,Concordo Moderadamente,Concordo Pouco,Servidora p√∫blica,Feminino,P√≥s gradua√ß√£o completa,Solteiro(a)
2222a173-4b7a-4a41-af82-226b69ba3207,2,,30-33 anos,Concordo Pouco,Concordo Pouco,Estagi√°ria -Direito,Feminino,Ensino superior completo,Solteiro(a)
42fcb324-f5fe-46f9-bd7f-207768f44d90,2,,26-29 anos,Concordo Totalmente,Discordo Totalmente,Agente L√≠der de telemarketing,Feminino,Ensino superior incompleto,Solteiro(a)
fca8c90d-ec04-4ea0-af57-3f8dc9baa8a4,2,,30-33 anos,Concordo Moderadamente,Concordo Moderadamente,Empres√°ria,Feminino,P√≥s gradua√ß√£o completa,Casado(a)
f4404c46-ffd3-43eb-abf5-be7ae7bb3748,2,,30-33 anos,Concordo Pouco,Concordo Moderadamente,Estudante de Letras,Feminino,P√≥s gradua√ß√£o completa,Casado(a)
f005fb43-95ec-47e6-aa5f-0e4db6ce2df2,2,,22-25 anos,Concordo Moderadamente,Concordo Moderadamente,"Estudante de Arquivologia, Redatora J√∫nior.",Feminino,Ensino superior incompleto,Solteiro(a)
41eb0b8e-61b6-4965-945f-fc10ab3e55fa,2,,26-29 anos,Concordo Moderadamente,Concordo Pouco,Vendedora,Feminino,Ensino M√©dio completo,Uni√£o Est√°vel
c6bc3c9d-4ade-47a9-90bd-ce321f3928e8,2,,30-33 anos,Concordo Moderadamente,Concordo Moderadamente,Advogada,Feminino,P√≥s gradua√ß√£o completa,Solteiro(a)
52545f70-c005-452a-a498-733cf218a2a8,2,"Gosto de filmes antigos , drama , romance , alguns filmes de terror",Mais de 40 anos,Concordo Pouco,"Nem Concordo, Nem Discordo",Gerente comercial,Feminino,Ensino superior completo,Casado(a)
4ce8d2c8-52c6-4c8b-9e06-1800c737c428,2,,22-25 anos,"Nem Concordo, Nem Discordo",Discordo Pouco,Enfermeira,Feminino,Ensino superior completo,Solteiro(a)
8242a116-094f-41b4-b401-6618b1d1af2e,2,,30-33 anos,Concordo Pouco,Concordo Moderadamente,Professora.,Feminino,P√≥s gradua√ß√£o completa,Uni√£o Est√°vel
89dce7f3-3d1f-4fbd-8de9-040d4594b9c5,2,,34-37 anos,Concordo Moderadamente,Concordo Pouco,Servidor p√∫blico,Feminino,Ensino superior completo,Casado(a)
b8a0a0e0-8fe4-4d15-8672-86b03b4f9f50,2,,22-25 anos,Concordo Totalmente,Concordo Totalmente,Estudante de Letras.,Feminino,Ensino superior incompleto,Solteiro(a)
f97adbc2-cd4f-4aa3-a015-630d215a8f67,2,,38-40 anos,Concordo Pouco,Concordo Moderadamente,Advogada,Feminino,P√≥s gradua√ß√£o completa,Casado(a)
9b48bf60-8c40-4c51-8bb6-5c5aa94c388b,2,,26-29 anos,Concordo Pouco,"Nem Concordo, Nem Discordo",Servidor p√∫blico,Feminino,Ensino superior completo,Solteiro(a)
8f3f2df9-0c33-416a-b3c2-c3558c759a70,2,,26-29 anos,Concordo Moderadamente,Concordo Moderadamente,Vendedora e estudante de marketing,Feminino,Ensino superior incompleto,Solteiro(a)
bd2bac90-64d7-4e15-8eda-d4daaee70733,2,,22-25 anos,Concordo Moderadamente,Concordo Pouco,Designer gr√°fico,Masculino,Ensino superior incompleto,Solteiro(a)
44d11e5e-a864-49e6-bcba-e3a4ed62cf7c,2,,18-21 anos,"Nem Concordo, Nem Discordo",Concordo Moderadamente,Estudante de fisioterapia,Feminino,Ensino M√©dio completo,Solteiro(a)
076acda8-7215-4653-bdb8-e93ea5639c10,2,,22-25 anos,Concordo Totalmente,Concordo Moderadamente,"Estudante, Gest√£o P√∫blica",Feminino,Ensino superior incompleto,Solteiro(a)
bd985d65-a4fc-4625-90c6-62da12803a1d,2,,30-33 anos,Concordo Moderadamente,Concordo Totalmente,Nutricionista,Feminino,P√≥s gradua√ß√£o completa,Casado(a)
4b500215-f0c9-4af4-ad4b-fd27cc0e5309,2,,22-25 anos,Concordo Totalmente,Concordo Totalmente,Supervisora de estoque em um cinema,Feminino,Ensino superior completo,Solteiro(a)
4a3bd85f-075d-452c-9cda-d1b68d544a02,2,,18-21 anos,Concordo Moderadamente,Concordo Moderadamente,Estudante de Qu√≠mica Forense,Feminino,Ensino superior incompleto,Solteiro(a)
e06cf2d3-a5a8-4c8a-ac52-823c0babd502,2,,26-29 anos,Concordo Pouco,Concordo Pouco,Vendedor,Feminino,Ensino superior completo,Solteiro(a)
3cb39e27-0b65-400f-b96e-10c1921f31c3,2,,22-25 anos,Discordo Moderadamente,Concordo Pouco,Minha profiss√£o no momento √© ser m√£e! Rsrsrs,Feminino,Ensino M√©dio completo,Casado(a)
2af8a1a0-98bc-48bd-99bb-981c6b37899d,2,,30-33 anos,Concordo Moderadamente,Concordo Totalmente,Sou professora de Educa√ß√£o infantil,Feminino,P√≥s gradua√ß√£o completa,Solteiro(a)
f50405e4-d718-48e2-b3b7-63504cfc105f,2,Poderia ter um aplicativo de recomenda√ß√µes de filmes,22-25 anos,Concordo Totalmente,Concordo Totalmente,Vendedora,Feminino,Ensino M√©dio completo,Solteiro(a)
d9c592e1-2dbf-4e94-9189-8bd87619f92d,2,,22-25 anos,Concordo Totalmente,Concordo Totalmente,Enfermeira,Feminino,P√≥s gradua√ß√£o completa,Solteiro(a)
7a6992f0-3c6a-4e16-ab79-59b9426f3da5,2,Legal,34-37 anos,Concordo Totalmente,Concordo Totalmente,M√©dica veterin√°ria,Feminino,P√≥s gradua√ß√£o completa,Casado(a)
36381c3e-6fb1-4852-82b8-22bf52396fc9,2,,22-25 anos,"Nem Concordo, Nem Discordo",Concordo Pouco,"Desempregada, mulher do lar.",Feminino,Ensino superior completo,Solteiro(a)
4b2e02f0-41b2-492c-aa19-82298bf8cc00,2,,26-29 anos,Concordo Totalmente,Concordo Totalmente,Professora,Feminino,P√≥s gradua√ß√£o completa,Solteiro(a)
eae95567-02eb-46c4-98f8-48e9f332bc2e,2,Achei muito interessante esse sistema de indica√ß√£o de filmes. Ainda mais porque todas as vezes demoramos muito para escolher um filme.,22-25 anos,Concordo Moderadamente,Concordo Totalmente,Estudante de direito e estagi√°ria de direito.,Feminino,Ensino superior incompleto,Solteiro(a)
2eeac7c9-fe86-454d-832b-32f62cb2a9dc,2,,18-21 anos,Concordo Pouco,Concordo Totalmente,Letras,Feminino,Ensino superior incompleto,Solteiro(a)
0a1770d0-2aae-47ea-b4b3-89193a3728e4,2,Muito bom,30-33 anos,Concordo Pouco,Concordo Pouco,Psicologia,Feminino,Ensino superior incompleto,Casado(a)
022b0727-abba-498e-b76e-ac553df35658,2,,22-25 anos,Discordo Pouco,Concordo Pouco,Professora.,Feminino,P√≥s gradua√ß√£o incompleta,Solteiro(a)
6220043c-e6d3-4d15-a6fd-b9408a0d5687,2,,30-33 anos,"Nem Concordo, Nem Discordo",Concordo Pouco,Vendedor T√©cnico,Feminino,Ensino superior incompleto,Casado(a)
a0fcfd29-70af-4cda-b831-8a720c1c53d9,2,"Acho que podia haver mais filmes , quando procuramos um filme na busca.",30-33 anos,Concordo Moderadamente,"Nem Concordo, Nem Discordo",Gest√£o de Recursos Humanos,Feminino,Ensino superior completo,Uni√£o Est√°vel
cac9f63b-50af-49e4-b028-76f2d8181dc2,2,"Achei legal a ideia da IA, mas tem que aumentar muuuuuito o repert√≥rio de filmes que precisamos avaliar para receber as recomenda√ß√µes.",30-33 anos,Concordo Moderadamente,Concordo Pouco,T√©cnico de Enfermagem e Estudante de Psicologia,Feminino,Ensino superior incompleto,Casado(a)
45b61b18-3c73-4183-aa39-58f7fceac788,2,Seria bom antes de fazer as recomenda√ß√µes perguntar quais dos filmes j√° assistimos pq assim n√£o colocariam filmes que vemos constantemente.,18-21 anos,Concordo Pouco,Concordo Moderadamente,Estudante de geografia,Feminino,Ensino superior incompleto,Solteiro(a)
0db42da8-6b45-4b31-95d0-784fea5a2156,2,,26-29 anos,Concordo Totalmente,Concordo Moderadamente,Zelador,Masculino,Ensino superior incompleto,Casado(a)
d1791678-d227-49d5-a4c5-5cb59153e1a2,2,.,22-25 anos,Concordo Moderadamente,Concordo Pouco,Esteticista,Feminino,Ensino superior completo,Casado(a)
36bb1693-580d-4d5a-9b0b-6d415d60daed,2,,26-29 anos,Concordo Totalmente,Concordo Totalmente,Estagi√°ria de Sa√∫de e Seguran√ßa do Trabalho,Feminino,Ensino superior completo,Solteiro(a)
d1ff42e9-487b-42eb-8276-3197e42285f4,2,poderia ter mais alternativas de filmes,18-21 anos,Concordo Moderadamente,Concordo Pouco,faculdade,Feminino,Ensino M√©dio completo,Solteiro(a)
8e1dfb14-f950-4bc0-9b3a-06c3118bb722,2,,30-33 anos,"Nem Concordo, Nem Discordo",Concordo Moderadamente,Aut√¥noma,Feminino,Ensino M√©dio completo,Uni√£o Est√°vel
d23ba071-d1f3-4e86-8f82-0cdd796b0841,2,,22-25 anos,Concordo Moderadamente,Concordo Totalmente,Psic√≥loga,Feminino,P√≥s gradua√ß√£o completa,Uni√£o Est√°vel
11477b46-b865-41b0-94fe-132fe8a39b01,2,,18-21 anos,Concordo Pouco,Concordo Pouco,Estudante pedagogia,Feminino,Ensino superior incompleto,Solteiro(a)
9d550ced-f4f3-4390-ba01-f2ae06fdacbd,2,,18-21 anos,Concordo Pouco,Discordo Pouco,Estudante de pedagogia (licenciatura),Feminino,Ensino superior incompleto,Solteiro(a)
b044ebee-16ea-4f2f-900f-1ce5611ebb33,2,,30-33 anos,Concordo Totalmente,Concordo Totalmente,Recepcionista,Feminino,Ensino M√©dio completo,Solteiro(a)
1679fe9b-839b-4c50-8dd7-5005a692f2fb,2,,38-40 anos,"Nem Concordo, Nem Discordo",Discordo Pouco,Professora,Feminino,Ensino superior completo,Solteiro(a)
e3337b32-9857-4905-9547-faa731756360,2,,26-29 anos,Concordo Moderadamente,Concordo Moderadamente,Administra√ß√£o,Feminino,Ensino superior incompleto,Solteiro(a)
af80cdff-0963-4566-8e91-91ff2d7655c8,2,,26-29 anos,Concordo Moderadamente,Concordo Moderadamente,Engenharia Civil,Feminino,Ensino superior completo,Solteiro(a)
0c6a86c5-cf8e-4ed7-b9c5-f59c62f679fc,2,,30-33 anos,Concordo Moderadamente,Concordo Pouco,Arquiteta,Feminino,Ensino superior completo,Uni√£o Est√°vel
1dfb7e5f-5e78-453d-9bdb-d5f0753e61d8,2,,22-25 anos,Concordo Moderadamente,Concordo Moderadamente,Advogada.,Feminino,P√≥s gradua√ß√£o completa,Solteiro(a)
c662a1bf-ed5d-47b3-b167-08e815e8a7f9,2,,22-25 anos,Concordo Moderadamente,Concordo Totalmente,Analise e desenvolvimento de sistemas,Feminino,Ensino superior incompleto,Solteiro(a)
ec0784c2-4eaf-4811-9d4c-92a7c3e7e0b4,2,,Mais de 40 anos,Concordo Moderadamente,Concordo Moderadamente,Do lar,Feminino,Ensino superior incompleto,Solteiro(a)
c26990c6-9627-4386-977c-ae03dfb68d04,2,,26-29 anos,Concordo Totalmente,Concordo Totalmente,Farmac√™utica,Feminino,P√≥s gradua√ß√£o completa,Solteiro(a)
9745dc09-4090-46f1-b29f-16e8bc0ad0d5,2,,22-25 anos,Concordo Pouco,Concordo Moderadamente,Atendente,Feminino,Ensino superior incompleto,Solteiro(a)
01351f2d-7931-4dc8-b4ea-b670a087c89e,2,,18-21 anos,Concordo Totalmente,Concordo Moderadamente,Estudante pr√©-vestibular,Feminino,Ensino M√©dio completo,Solteiro(a)
8b2023e7-f8b9-449d-8d30-0aa4e4b0020f,2,,18-21 anos,"Nem Concordo, Nem Discordo",Concordo Pouco,Estudante de Farm√°cia,Feminino,Ensino superior incompleto,Solteiro(a)
82621f36-6218-4c54-a958-35be3dc5cb8e,2,,22-25 anos,Concordo Pouco,Concordo Totalmente,Operador de loja,Feminino,Ensino superior completo,Solteiro(a)
c7fb6ebe-379b-44e5-896d-f9bd66d7b88c,3,,22-25 anos,Concordo Pouco,"Nem Concordo, Nem Discordo",Auxiliar de CQ,Feminino,Ensino superior incompleto,Solteiro(a)
5add764c-016b-4683-b117-37709fe6df4b,3,"Nas sugest√µes dos filmes, n√£o recomendar filme que j√° avaliamos. Se avaliamos quer dizer que j√° assistimos.",30-33 anos,Concordo Totalmente,Concordo Totalmente,Engenheira de software,Feminino,Ensino superior completo,Casado(a)
67a55ea5-0d1f-4d73-9e79-aef44292a5b1,3,N√£o tenho.,26-29 anos,Discordo Moderadamente,Concordo Pouco,Aut√¥nomo,Feminino,Ensino M√©dio completo,Solteiro(a)
a5ed9267-306a-461c-a05e-72571c9842c1,3,,30-33 anos,Concordo Moderadamente,Concordo Totalmente,Arquivologia,Feminino,Ensino superior incompleto,Solteiro(a)
c19bf968-ad02-46e3-be4e-00cbc58ab5f7,3,,18-21 anos,Concordo Totalmente,Concordo Moderadamente,Estudante de engenharia de controle e automa√ß√£o,Feminino,Ensino M√©dio completo,Solteiro(a)
655bf2fe-2a4e-4050-ad22-5aa292ba5efb,3,"Foi um bom experimento, gostei que n√£o √© longo e cansativo. Al√©m de ser sobre um assunto que acredito que a maioria goste: filmes.",22-25 anos,Discordo Pouco,Concordo Moderadamente,Recepcionista,Feminino,Ensino M√©dio completo,Solteiro(a)
e18abfed-6f63-4e74-8e9f-907868b91fc0,3,,26-29 anos,Concordo Moderadamente,Concordo Moderadamente,Assistente Comercial,Feminino,Ensino superior completo,Solteiro(a)
4e4c9cd7-e3b0-4f3a-a0eb-0234c4e4abbd,3,,26-29 anos,Concordo Pouco,Concordo Moderadamente,Assistente administrativo,Feminino,Ensino M√©dio completo,Uni√£o Est√°vel
02c1bfef-a927-437a-9ba2-427d780b631d,3,,22-25 anos,"Nem Concordo, Nem Discordo",Concordo Moderadamente,Advogada,Feminino,Ensino superior completo,Uni√£o Est√°vel
ee271f45-e731-4238-8395-cfb971c22867,3,,22-25 anos,"Nem Concordo, Nem Discordo",Concordo Moderadamente,Estudante de arquitetura e Urbanismo,Feminino,Ensino superior incompleto,Solteiro(a)
3132a726-02d6-4012-9a8c-dbb6317c6af2,3,,Mais de 40 anos,Concordo Moderadamente,Concordo Pouco,Controladora de acesso/ porteiro,Feminino,Ensino M√©dio completo,Solteiro(a)
eb2418dd-214e-4e7c-b32d-f344a0949122,3,,26-29 anos,Concordo Moderadamente,Concordo Moderadamente,Estudante de Letras,Feminino,Ensino superior incompleto,Uni√£o Est√°vel
a16d04ec-3e7d-43d3-afed-c33db706eda0,3,,26-29 anos,Concordo Totalmente,Concordo Totalmente,"Estudante, √°rea da sa√∫de",Feminino,Ensino superior completo,Solteiro(a)
cdf0720b-a3fc-4459-8e49-8904ae4c19d6,3,"N√£o sei quantas vari√°veis est√£o sendo usadas. 
Neste casos, acho que s√£o necess√°rias muitas.",Mais de 40 anos,Concordo Pouco,Concordo Moderadamente,Arquivista,Feminino,P√≥s gradua√ß√£o incompleta,Casado(a)
3912a54e-b6ac-43fb-ade0-1f323b1fdf30,3,,30-33 anos,Concordo Moderadamente,Concordo Pouco,Gestora,Feminino,Ensino superior completo,Solteiro(a)
eca46086-e617-4024-bada-e697973ce9c7,3,,26-29 anos,Concordo Pouco,Concordo Pouco,Estudante de t√©cnico em Edifica√ß√µes,Feminino,Ensino superior completo,Casado(a)
1eb582d3-c4e8-420a-b468-4d772b218eb5,3,,26-29 anos,Concordo Pouco,Concordo Pouco,Estudante biblioteconomia,Feminino,Ensino superior completo,Casado(a)
8cb56450-c992-4f94-b0e3-0461138bb0c4,3,,22-25 anos,Concordo Moderadamente,Concordo Moderadamente,Estudante de Psicologia,Feminino,Ensino superior incompleto,Solteiro(a)
3b080fd6-5512-46a2-880d-b1daf660795b,3,,30-33 anos,Concordo Moderadamente,Concordo Moderadamente,Aut√¥nomo,Feminino,Ensino superior incompleto,Casado(a)
c4d7e02a-f9fc-40d4-bfb2-680dfd1d489f,3,N/a,22-25 anos,Concordo Pouco,Concordo Pouco,Bacharel em direito,Feminino,Ensino superior completo,Solteiro(a)
5a54dad2-dafa-45e1-8574-7db2a3c0c913,3,,22-25 anos,Concordo Moderadamente,Concordo Pouco,Professora,Feminino,P√≥s gradua√ß√£o completa,Solteiro(a)
84eab669-7755-41e3-8e0d-807342693bb7,3,,22-25 anos,Discordo Pouco,Concordo Moderadamente,Projetista,Feminino,Ensino superior completo,Solteiro(a)
3b91dcfe-8890-4977-b16e-0371cc257e44,3,Eu gostei bastante de responder essa pesquisa,26-29 anos,Concordo Moderadamente,Concordo Totalmente,Do lar,Feminino,Ensino M√©dio completo,Casado(a)
1aab8ad0-8694-49f0-94bd-cfce4303fa81,3,,22-25 anos,Concordo Totalmente,Concordo Moderadamente,Estudando enfermagem,Feminino,Ensino M√©dio completo,Solteiro(a)
8146755e-6c09-4d9e-9e23-69e6cf2cf940,3,,22-25 anos,Concordo Moderadamente,Concordo Moderadamente,Administradora,Feminino,Ensino superior incompleto,Casado(a)
bdd722c8-47b1-4cbb-9e6b-14ce172fcad4,3,,22-25 anos,Concordo Moderadamente,Concordo Totalmente,Pedag√≥gia,Feminino,Ensino superior incompleto,Solteiro(a)
a357942e-837a-4ef0-aeec-110bce62def4,3,,22-25 anos,Concordo Moderadamente,Concordo Moderadamente,Estudante de p√≥s gradua√ß√£o em Direito processual civil,Feminino,P√≥s gradua√ß√£o incompleta,Solteiro(a)
ca81f961-ef4b-4fdc-919f-66cd43a560f6,3,,38-40 anos,Concordo Moderadamente,Concordo Moderadamente,Bibliotec√°ria,Feminino,Ensino superior completo,Casado(a)
26cbf38f-9895-41a6-b19f-fcf5f5fedaf2,3,..,38-40 anos,Concordo Moderadamente,Concordo Moderadamente,.,Feminino,Ensino superior completo,Uni√£o Est√°vel
3214ff48-6db2-452f-b504-2e1bc52c3caa,3,Achei um experimento muito bom! Gostei bastante das recomenda√ß√µes!,18-21 anos,Concordo Moderadamente,Concordo Pouco,Estudante de biomedicina.,Feminino,Ensino superior incompleto,Solteiro(a)
91032559-7510-4293-8f5d-707918a96359,3,,34-37 anos,Concordo Pouco,Concordo Totalmente,Analista Cont√°bil,Feminino,Ensino superior completo,Solteiro(a)
8d2f0938-8d9b-4b49-a6ed-4f970e451e7d,3,,18-21 anos,Concordo Pouco,Concordo Totalmente,Estudante de Geografia,Feminino,Ensino superior incompleto,Solteiro(a)
852d9d3d-7009-416b-a0d6-77447e6d6f91,3,,34-37 anos,"Nem Concordo, Nem Discordo",Concordo Pouco,Escritora,Feminino,Ensino M√©dio completo,Solteiro(a)
6df71977-3438-40e4-b63b-6b19bd633bc6,3,,22-25 anos,Concordo Pouco,Concordo Pouco,Auxiliar administrativo,Feminino,Ensino superior incompleto,Solteiro(a)
17547904-a5c8-4a82-bf00-910c8a4ee5ac,3,,22-25 anos,"Nem Concordo, Nem Discordo",Concordo Pouco,Museologa,Feminino,Ensino superior completo,Solteiro(a)
8e17792f-3875-4fe5-8a22-3fe6ec9c4531,3,,30-33 anos,Discordo Totalmente,Concordo Moderadamente,Assistente de Projetos,Feminino,Ensino superior incompleto,Solteiro(a)
6f205008-5059-4f31-84a3-9b3e4bc5b79b,3,,34-37 anos,"Nem Concordo, Nem Discordo",Concordo Pouco,Professora,Feminino,P√≥s gradua√ß√£o completa,Uni√£o Est√°vel
21e857cc-5fa9-4f92-92b9-1586986cdb95,3,,30-33 anos,Concordo Pouco,Concordo Pouco,Recepcionista,Feminino,Ensino superior incompleto,Solteiro(a)
38b2d65f-62ce-4205-9416-6da0a6aa37a6,3,,26-29 anos,Concordo Moderadamente,Concordo Pouco,Atendente,Feminino,Ensino M√©dio completo,Solteiro(a)
29c2aae6-c0df-4f6b-b905-13506d7ce3d2,3,,18-21 anos,Concordo Totalmente,Concordo Totalmente,Estudante de Direito,Feminino,Ensino superior incompleto,Solteiro(a)
90564263-e0e5-4548-b875-e3ccb7a50dde,3,,22-25 anos,Concordo Moderadamente,Concordo Totalmente,Log√≠stica,Feminino,Ensino superior incompleto,Outro
240e4e33-d90e-4da3-bd9f-0f0aeaff1e6a,3,,34-37 anos,Concordo Moderadamente,Concordo Moderadamente,Bi√≥loga,Feminino,Ensino superior completo,Casado(a)
1eb9681d-0ad1-4124-aa5c-c7b4ab03ec80,3,Como disse anteriormente √© um √≥timo experimento.,18-21 anos,Concordo Totalmente,Concordo Totalmente,N√£o tenho.,Feminino,Ensino M√©dio completo,Solteiro(a)
c7e35560-e2f0-4358-8519-c691de269e40,3,,22-25 anos,Concordo Moderadamente,Concordo Moderadamente,Estudante de Tecnologia de alimentos (gradua√ß√£o),Feminino,Ensino superior incompleto,Solteiro(a)
ee276b94-a56c-42a4-8967-eff91562d619,3,,22-25 anos,Concordo Moderadamente,Concordo Totalmente,Estagi√°ria - Engenharia,Feminino,Ensino superior incompleto,Solteiro(a)
5bc2ff61-fdfc-40fc-8008-36a06c46af70,3,,26-29 anos,Concordo Moderadamente,Concordo Pouco,T√©cnica Pedag√≥gica,Feminino,P√≥s gradua√ß√£o completa,Solteiro(a)
f96a4166-51de-431c-8826-9f266f2d687a,3,,34-37 anos,Concordo Totalmente,Concordo Moderadamente,Funcion√°ria p√∫blica federal,Feminino,P√≥s gradua√ß√£o completa,Solteiro(a)
edd52787-03dc-4b5c-a2d6-22aa4cfdd9c8,3,"Gostei que as op√ß√µes foram bem ecl√©ticas, desde anima√ß√£o ao terror.
Isso abrange a todos.",38-40 anos,Discordo Pouco,Concordo Moderadamente,Analista de Laborat√≥rio Qu√≠mico.,Feminino,Ensino superior completo,Casado(a)
49d1065d-f1db-4eb3-ad75-2be382a8428b,3,,26-29 anos,Concordo Totalmente,"Nem Concordo, Nem Discordo",Estudante ensino superior,Feminino,Ensino superior incompleto,Solteiro(a)
fe6f3ca4-088f-4a1c-b678-b0e250c6259c,3,,34-37 anos,Concordo Totalmente,Concordo Totalmente,Aut√¥noma,Feminino,Ensino M√©dio completo,Casado(a)
6b6400ff-681f-42ae-a1b3-0ccf8abfe1d7,3,"Achei interessante os filmes indicados, principalmente as anima√ß√µes",34-37 anos,"Nem Concordo, Nem Discordo",Concordo Pouco,Assalariado,Feminino,Ensino M√©dio completo,Uni√£o Est√°vel
ada12b50-9a0b-42e5-8a89-4185442ed719,3,,30-33 anos,Concordo Totalmente,Discordo Pouco,Biologa,Feminino,P√≥s gradua√ß√£o incompleta,Solteiro(a)
e0f26053-5128-4b75-b4b7-eed4ae8dc2e5,3,,38-40 anos,Discordo Pouco,Discordo Pouco,Auxiliar administrativo em geral,Feminino,Ensino superior completo,Casado(a)
c4ebba85-7f9a-4179-955f-7a5f14d7f05a,3,,34-37 anos,Concordo Moderadamente,Concordo Moderadamente,Educadora Infantil,Feminino,Ensino superior completo,Solteiro(a)
9c5c74ac-56c5-4fc8-b2d1-498bb847e804,3,,30-33 anos,"Nem Concordo, Nem Discordo",Concordo Totalmente,Bi√≥loga,Feminino,P√≥s gradua√ß√£o completa,Casado(a)
5c6ee240-88f6-4371-9f71-674732c22400,3,,30-33 anos,Concordo Moderadamente,Concordo Moderadamente,Advogada,Feminino,P√≥s gradua√ß√£o completa,Solteiro(a)
e740aebb-cba5-49bb-b7f5-bc10b89d832d,3,,30-33 anos,"Nem Concordo, Nem Discordo",Concordo Pouco,Assistente Financeiro,Feminino,Ensino superior completo,Solteiro(a)
3e1a659c-4f8f-4d8b-8ca9-8eaef9abff05,3,Amei o sistema!,22-25 anos,Concordo Moderadamente,Concordo Moderadamente,Professora,Feminino,Ensino superior completo,Solteiro(a)
52fc3bde-6b11-44a8-a6c5-7d3fc335478a,3,Poderiam adicionar um bloqueio com base na classifica√ß√£o do filme,30-33 anos,Concordo Moderadamente,Concordo Totalmente,Operadora de c√¢mera,Feminino,Ensino superior completo,Solteiro(a)
98b9f0c1-becf-4698-94e5-f5d91ede842e,3,,22-25 anos,Concordo Moderadamente,Concordo Moderadamente,Professora,Feminino,P√≥s gradua√ß√£o completa,Casado(a)
67d734f4-df49-4e66-b1ad-05810a42f011,3,,18-21 anos,Concordo Totalmente,Concordo Totalmente,estudante de engenharia aeroespacial,Feminino,Ensino M√©dio completo,Outro
7ebe0773-e3e6-4207-a2c3-d13fb99f7e0b,3,,30-33 anos,Concordo Pouco,Concordo Pouco,Advogada,Feminino,P√≥s gradua√ß√£o completa,Solteiro(a)
01884a41-6cec-434e-80c1-6b711b9f401c,3,,22-25 anos,Concordo Moderadamente,Concordo Moderadamente,Controladora de Acesso em Portarias,Feminino,Ensino M√©dio completo,Casado(a)
9a1d0fd1-de22-4b60-9971-207bae8c3bc9,3,,34-37 anos,Concordo Pouco,Concordo Moderadamente,Estudante Hist√≥ria,Feminino,Ensino superior incompleto,Casado(a)
ceb4cc16-6ac9-47ce-b4e1-136ef1cb7cc7,3,,30-33 anos,Concordo Moderadamente,Concordo Moderadamente,Bacharel em direito,Feminino,P√≥s gradua√ß√£o incompleta,Casado(a)
51fac87f-84a3-48f8-bc08-2032552b4560,3,,30-33 anos,"Nem Concordo, Nem Discordo","Nem Concordo, Nem Discordo",Aux de farm√°cia,Feminino,Ensino superior incompleto,Solteiro(a)
ecafa4e8-1fce-481e-b806-ec63ff4fde75,3,,30-33 anos,Concordo Totalmente,Concordo Totalmente,"Estudante, geografia bacharelado",Masculino,Ensino superior incompleto,Solteiro(a)
0b214e62-1090-4cfa-ba9a-323d7ff75220,4,,22-25 anos,Concordo Pouco,Concordo Moderadamente,Graduanda de matem√°tica,Feminino,Ensino superior incompleto,Solteiro(a)
f7ac099d-9348-4da5-bc30-0f7cf02dbc29,4,,26-29 anos,Concordo Pouco,Concordo Pouco,Cirurgia dentista,Feminino,Ensino superior completo,Solteiro(a)
ef1dec9d-5243-4c1f-abeb-89f023784d8a,4,,22-25 anos,Concordo Moderadamente,Discordo Totalmente,Estudante de L√≠ngua Estrangeira.,Feminino,Ensino superior incompleto,Solteiro(a)
bb6ad28c-e53a-46af-a61f-1706361acc3f,4,,22-25 anos,Concordo Moderadamente,Concordo Moderadamente,Agente de Atendimento,Feminino,Ensino superior completo,Solteiro(a)
3110bd79-2627-4971-9f19-f54ac07671ab,4,,18-21 anos,"Nem Concordo, Nem Discordo",Concordo Moderadamente,Estudante ensino m√©dio,Feminino,Ensino M√©dio incompleto,Solteiro(a)
888c3f39-1f30-4cc2-91a6-024847890bf9,4,,38-40 anos,Concordo Moderadamente,Concordo Totalmente,Banc√°ria,Feminino,Ensino superior completo,Solteiro(a)
b9b314cd-2915-489d-9912-cb2c93f2fd73,4,,26-29 anos,Concordo Pouco,Discordo Pouco,Professora,Feminino,P√≥s gradua√ß√£o completa,Casado(a)
ee88d150-063a-4317-b7f7-27099dbe7be5,4,,Mais de 40 anos,Concordo Moderadamente,"Nem Concordo, Nem Discordo",Designer gr√°fico,Feminino,Ensino superior completo,Casado(a)
fe165050-2c64-424f-aef4-d7de3b87a58c,4,,18-21 anos,Concordo Totalmente,Concordo Moderadamente,estudante de ensino m√©dio,Feminino,Ensino M√©dio incompleto,Solteiro(a)
1f8c9fcd-4a8c-4782-9892-304cb80b4b4b,4,,30-33 anos,Concordo Moderadamente,Concordo Moderadamente,Professora,Feminino,P√≥s gradua√ß√£o completa,Uni√£o Est√°vel
467bc469-671c-47b1-8a5e-26fa833b8b40,4,Apenas colocar filmes um pouco mais atuais,22-25 anos,Concordo Pouco,Concordo Moderadamente,Professora,Feminino,P√≥s gradua√ß√£o completa,Solteiro(a)
04683bef-1995-41ca-a314-bf98212019e7,4,,30-33 anos,Concordo Moderadamente,Concordo Totalmente,Gerente,Feminino,Ensino superior completo,Solteiro(a)
e4aa1f24-166f-488a-8bcb-f7239ee58c86,4,,26-29 anos,Concordo Pouco,Concordo Totalmente,Autonomia,Masculino,Ensino superior incompleto,Solteiro(a)
d03dba6d-266b-41e6-a166-c1659015d6f8,4,,26-29 anos,"Nem Concordo, Nem Discordo",Concordo Pouco,Operadora de loja.,Feminino,Ensino superior incompleto,Solteiro(a)
8cb283ac-99d0-4977-9352-2cc36f49361b,4,,18-21 anos,"Nem Concordo, Nem Discordo",Concordo Moderadamente,Estudante de ci√™ncias sociais,Feminino,Ensino superior incompleto,Solteiro(a)
91daf8f7-8bd7-4901-ac4e-08f4010455ec,4,,18-21 anos,Concordo Pouco,Concordo Moderadamente,Estudante de elEngenharia de Controle e Automa√ß√£o,Feminino,Ensino superior incompleto,Solteiro(a)
48a2aaed-87c9-43cc-b825-d9a4a1149c73,4,Gostei do teste.,34-37 anos,Concordo Moderadamente,Concordo Moderadamente,Dona de casa,Feminino,Ensino M√©dio completo,Casado(a)
5dff1cf5-d3bc-477e-be22-cff7777744b5,4,,Mais de 40 anos,Concordo Totalmente,Concordo Moderadamente,Assistente social,Feminino,P√≥s gradua√ß√£o completa,Solteiro(a)
7c389ea1-2c76-464e-84c2-bf30536e6100,4,,22-25 anos,Concordo Totalmente,Concordo Totalmente,Estudante,Feminino,Ensino M√©dio completo,Solteiro(a)
09bef67f-3627-47cd-9a8b-302b5ef07222,4,,22-25 anos,"Nem Concordo, Nem Discordo",Discordo Totalmente,Assistente administrativo,Feminino,Ensino superior completo,Solteiro(a)
54501d08-5568-4149-b1ed-6d9c70caf2e4,4,Sugiro ter mais op√ß√µes de avalia√ß√£o ou um local para que possamos colocar filmes que gostamos e queremos recomenda√ß√£o parecida.,34-37 anos,Concordo Pouco,Concordo Moderadamente,Pedagoga,Feminino,P√≥s gradua√ß√£o completa,Casado(a)
44d21b55-c372-4085-a3a2-e84a89f91f9c,4,,Mais de 40 anos,Concordo Pouco,Discordo Pouco,Desempregada,Feminino,Ensino superior completo,Solteiro(a)
444e3780-6f0a-454f-81cb-17cbf72ef6fe,4,,26-29 anos,Concordo Moderadamente,Concordo Totalmente,Contadora,Feminino,Ensino superior completo,Solteiro(a)
9839a6fb-6948-472d-ae0b-c62960522a9f,4,,30-33 anos,Concordo Moderadamente,Concordo Moderadamente,Administrador,Feminino,P√≥s gradua√ß√£o completa,Casado(a)
8dbd2949-8f3e-455e-89ae-1a3d62c3736c,4,,26-29 anos,"Nem Concordo, Nem Discordo","Nem Concordo, Nem Discordo",Estudante de hist√≥ria,Feminino,Ensino superior completo,Casado(a)
fbf3dd8b-e0a9-443e-9cc5-468816f13e15,4,,30-33 anos,Concordo Moderadamente,Concordo Moderadamente,Gerente de RH,Feminino,Ensino superior completo,Casado(a)
695ce585-4fc4-4c96-acb1-a9d771268c07,4,,22-25 anos,Discordo Pouco,Discordo Pouco,"Acad√™mica de enfermagem
Atualmente trabalho como Auxiliar de Cobran√ßa",Feminino,Ensino superior incompleto,Solteiro(a)
71c10f4e-2480-487c-92cb-afc4f59a8a2f,4,,22-25 anos,Concordo Moderadamente,Concordo Moderadamente,Estudante de Direito,Feminino,Ensino superior incompleto,Solteiro(a)
eede38eb-e8af-400b-aa9e-3c5112eb992a,4,,22-25 anos,"Nem Concordo, Nem Discordo",Concordo Moderadamente,Estudante de criminologia,Feminino,Ensino M√©dio completo,Solteiro(a)
a242db1c-0532-4235-8c42-8455de75bf20,4,"Simplesmente amei a ideia, pessoal! Parab√©ns!
Isso reduziria e muito, o tempo que eu gasto escolhendo filmes!",22-25 anos,Concordo Moderadamente,Concordo Totalmente,Analista de Comunica√ß√£o,Feminino,Ensino superior incompleto,Solteiro(a)
01d15a9b-12d4-48f5-861f-d0dc714f64ef,4,,26-29 anos,Concordo Moderadamente,Concordo Totalmente,Estudante Pedagogia,Feminino,Ensino superior incompleto,Solteiro(a)
441ac7b1-d888-41d2-8b6a-bcd0dfca0b10,4,,18-21 anos,Concordo Moderadamente,Concordo Totalmente,Letras,Feminino,Ensino M√©dio completo,Solteiro(a)
2bdadf69-5138-4f5b-b804-9ffb2cb74533,4,,22-25 anos,Concordo Totalmente,Concordo Totalmente,Enfermagem,Feminino,P√≥s gradua√ß√£o incompleta,Solteiro(a)
6830bcbd-4729-492d-8827-a79141aadc8f,4,,18-21 anos,Concordo Totalmente,Concordo Pouco,Estudante de Jornalismo,Feminino,Ensino superior incompleto,Solteiro(a)
7a53b03c-27e1-4d6e-be74-c6e7f2e94ae2,4,,30-33 anos,Concordo Pouco,Concordo Moderadamente,Aut√¥noma,Feminino,P√≥s gradua√ß√£o completa,Solteiro(a)
d7a4530b-99e7-4c51-8be3-83fc5ddb490a,4,,18-21 anos,Concordo Totalmente,Concordo Moderadamente,Engenharia qu√≠mica,Feminino,Ensino superior incompleto,Solteiro(a)
992b7d95-c92f-481e-9083-7c5e95a4c857,4,,Mais de 40 anos,Concordo Totalmente,Concordo Moderadamente,Dona de casa,Feminino,Ensino M√©dio completo,Casado(a)
4e384cce-53f2-431d-baf7-9923885ed7e6,4,,22-25 anos,Concordo Moderadamente,Concordo Moderadamente,Medica Veterin√°ria,Feminino,Ensino superior completo,Solteiro(a)
cfc2e0e6-d4aa-4c8a-8761-8ac989736496,4,,30-33 anos,Concordo Pouco,Concordo Totalmente,Assistente social,Feminino,Ensino superior completo,Uni√£o Est√°vel
a6a9265c-fee8-49b4-93d6-1f3b690cb693,4,,34-37 anos,Concordo Moderadamente,Discordo Pouco,Costureira,Feminino,Ensino M√©dio completo,Solteiro(a)
e773f9c0-976f-4232-aa00-639eef0acbfe,4,,30-33 anos,Concordo Moderadamente,Concordo Moderadamente,Professor,Feminino,P√≥s gradua√ß√£o completa,Uni√£o Est√°vel
f234048d-1516-4bf8-a15b-9fc2c7cd8ff2,4,,22-25 anos,Concordo Totalmente,Concordo Totalmente,Promotora de Eventos,Feminino,Ensino superior incompleto,Solteiro(a)
c9673434-93be-4bc4-a78f-753b815d3bc2,4,Achei interessante a lista,30-33 anos,Concordo Totalmente,Concordo Moderadamente,Assistente administrativo,Feminino,Ensino superior incompleto,Solteiro(a)
83bf451d-2119-4ec7-a643-82ce1def88a6,4,"Achei bem legal que o algoritmo indicou filmes que s√£o menos populares, mas que ao mesmo tempo tem hist√≥rias lindas e marcantes. Dos filmes indicados eu n√£o tinha visto 1, mas todos que eu certamente s√£o filmes √≥timos e condizem muito com as minhas escolhas e gostos.",22-25 anos,Concordo Moderadamente,Concordo Moderadamente,Estudante - Direito,Feminino,Ensino superior incompleto,Solteiro(a)
992692d3-9022-470f-8292-c73553be11a5,4,"Recomendaria inserir mais filmes em base de d√©cadas: filmes da d√©cada de 90, 2000.Senti falta de cl√°ssicos que com certeza iria interferir no resultado.",22-25 anos,"Nem Concordo, Nem Discordo",Concordo Moderadamente,Biom√©dica,Feminino,Ensino superior completo,Solteiro(a)
b3344768-7da1-478c-a744-49c2524f5049,4,,22-25 anos,Concordo Totalmente,Concordo Totalmente,Telemarketing,Feminino,Ensino superior completo,Solteiro(a)
dda4448c-515f-4223-bc78-f8f4cf897653,4,"Incluir uma op√ß√£o pra pessoa escolher qual estilo de filme deseja indica√ß√£o, por exemplo, se ser√° romance, terror, anima√ß√£o...",30-33 anos,Concordo Moderadamente,Concordo Totalmente,Auxiliar de Cart√≥rio,Feminino,Ensino M√©dio completo,Casado(a)
81d7f683-4988-4580-a215-75d5c9c936db,4,,22-25 anos,Concordo Moderadamente,Discordo Pouco,Apoio Secretarial na Universidade Federal do Acre,Feminino,Ensino superior completo,Outro
6fde3050-af50-4911-b302-197e41f15525,4,,18-21 anos,Concordo Moderadamente,Concordo Moderadamente,Vendedora,Feminino,Ensino M√©dio completo,Solteiro(a)
deb78a82-0da2-4cbf-aa32-0f482c75db37,4,,30-33 anos,Concordo Moderadamente,Concordo Moderadamente,Secret√°ria escolar,Feminino,Ensino superior incompleto,Solteiro(a)
39f51489-d75c-4829-95f3-d35d36a15160,4,,22-25 anos,Concordo Moderadamente,Concordo Moderadamente,Professora,Feminino,Ensino superior completo,Casado(a)
e49b4889-78b6-41be-9924-0a8f581e4bc3,4,,26-29 anos,"Nem Concordo, Nem Discordo","Nem Concordo, Nem Discordo",Empreendedora,Feminino,Ensino superior incompleto,Solteiro(a)
c237f769-fe69-46a1-b2d7-a4c3e6aef50d,4,,22-25 anos,Discordo Pouco,Concordo Pouco,Agente de atendimento L1,Feminino,Ensino superior completo,Solteiro(a)
4fcd3ad2-fe46-4317-937a-cceff0bd7b8e,4,,34-37 anos,Concordo Moderadamente,Concordo Moderadamente,Analista Administrativo e estudante de Psicologia,Feminino,Ensino superior completo,Casado(a)
ee877b76-3559-4d9c-9dfc-cbbfa787eea8,4,J√° fiz isso no espa√ßo anterior. N√£o vou escrever novamente! üòâ,34-37 anos,Concordo Totalmente,Concordo Pouco,Corretora imobili√°ria,Feminino,Ensino superior incompleto,Casado(a)
d28e21b4-b5ce-4bbf-92ee-1108751f78e1,4,"como falei anteriormente, os filmes iniciais deveriam ser filmes muito conhecidos de cada g√™nero.",22-25 anos,Concordo Pouco,Concordo Moderadamente,estudante de medicina,Feminino,Ensino superior incompleto,Casado(a)
5955284a-2d0c-41b7-8d14-43cfcc0256d1,4,,22-25 anos,Concordo Totalmente,Concordo Moderadamente,Professora de Hist√≥ria,Feminino,Ensino superior completo,Solteiro(a)
6450d6c3-1fdd-476c-87b7-8d2cdf3e8e57,4,"Achei bem interessante todo o sistema, √© bem legal ter uma plataforma que as pessoas consiga ter recomenda√ß√£o do que assitir ou ler",22-25 anos,Concordo Totalmente,Concordo Totalmente,Estudante de psicologia,Feminino,Ensino superior incompleto,Solteiro(a)
deaa1f5e-bbab-4925-8d8d-b124d7c6d507,4,,22-25 anos,"Nem Concordo, Nem Discordo",Concordo Pouco,Administra√ß√£o,Feminino,Ensino superior incompleto,Solteiro(a)
0d4a3433-a3dd-4d31-87b0-51b3728df18c,4,Achei o experimento muito bom,22-25 anos,Concordo Moderadamente,Concordo Totalmente,Assistente de seguran√ßa do trabalho,Feminino,Ensino superior incompleto,Solteiro(a)
752af648-7dab-4d3d-b97d-dd51f95d32bb,4,"Cada g√™nero de filme pode ser subdividido, por exemplo com√©dia, com√©dia rom√¢ntica.
Sugerir filmes por afinidade, fic√ß√£o cient√≠fica por exemplo a pessoa gostou de rob√¥s sugerir outros que contenha rob√¥ (Megan por exemplo) e n√£o recomendar Tudo em todo lugar ao mesmo tempo, que √© categorizado igual por√©m n√£o tem a mesma ""narrativa"".",30-33 anos,Concordo Moderadamente,Concordo Totalmente,Software Engineer,Feminino,P√≥s gradua√ß√£o completa,Solteiro(a)
1fd30999-46e0-4178-8662-d98af6b4839a,4,,22-25 anos,Concordo Pouco,Discordo Pouco,No momento desempregada,Feminino,Ensino superior incompleto,Solteiro(a)
255a9405-ff96-4701-a76c-6530cbba3fbe,4,,30-33 anos,Concordo Totalmente,Concordo Totalmente,Auxiliar de escrit√≥rio,Feminino,Ensino M√©dio completo,Casado(a)
55913fc1-16e5-4cae-87e3-244770b59369,4,,30-33 anos,Concordo Moderadamente,Concordo Moderadamente,Administra√ß√£o,Feminino,P√≥s gradua√ß√£o completa,Solteiro(a)
d3ac8282-9aeb-4793-a81f-cd70087c65e0,4,"Seria legal as sugest√µes serem mais amplas, para n√£o acabar tendo apenas sugest√µes j√° assistidas por quem utilizar.",22-25 anos,Concordo Moderadamente,"Nem Concordo, Nem Discordo",Estudante de Administra√ß√£o,Feminino,Ensino superior incompleto,Solteiro(a)
44163a86-2d8f-40d4-bb4d-d7e4bd920827,4,"Utilizar as recomenda√ß√µes dos usu√°rios com gostos parecidos √© uma boa t√°tica de atrair mais usu√°rios para plataforma, tamb√©m poder demostra as opini√µes e avalia√ß√£o desses",18-21 anos,Concordo Pouco,Concordo Moderadamente,Assistente administrativo,Feminino,Ensino superior completo,Solteiro(a)
5e46b884-afd3-497d-8f63-e181fcf22f92,4,"Deveriam tomar cuidado para n√£o recomendar os mesmos filmes que a pessoa avaliou, como aconteceu comigo.",26-29 anos,"Nem Concordo, Nem Discordo",Concordo Moderadamente,Auditor fiscal tribut√°rio,Feminino,P√≥s gradua√ß√£o completa,Solteiro(a)
72e5fcbb-8989-4e11-8fa1-bfedc455a2a7,4,,34-37 anos,"Nem Concordo, Nem Discordo",Concordo Moderadamente,Analista de log√≠stica de pessoal,Feminino,Ensino M√©dio completo,Solteiro(a)
9049a623-495b-46e3-9e99-41fea7ea289a,4,,30-33 anos,Concordo Totalmente,Concordo Pouco,Faturista,Feminino,Ensino superior completo,Casado(a)
1271c1ed-4a66-47ff-ab93-c787a07d9213,4,,38-40 anos,Concordo Totalmente,"Nem Concordo, Nem Discordo",Psicopatolog√≠a,Feminino,P√≥s gradua√ß√£o completa,Solteiro(a)
44e95982-91c8-4e85-a0bf-3527224e0a47,5,"Recomendo diversificar mais os filmes para avaliar, pois algumas op√ß√µes das recomenda√ß√µes s√£o sequ√™ncias dos filmes avaliado.",22-25 anos,Concordo Moderadamente,Concordo Pouco,Ci√™ncias Biol√≥gicas,Feminino,Ensino superior incompleto,Solteiro(a)
54b7207f-097b-49fc-8834-8abba40092ad,5,,34-37 anos,Concordo Totalmente,"Nem Concordo, Nem Discordo",Central de neg√≥cios em empresa de atacado,Feminino,Ensino superior incompleto,Casado(a)
718ac44d-e14c-41af-a5dc-44e97b857abe,5,,26-29 anos,"Nem Concordo, Nem Discordo",Discordo Moderadamente,Auxiliar de laborat√≥rio qu√≠mico,Masculino,Ensino superior incompleto,Casado(a)
da3344aa-ab69-44df-812d-bda26008a24f,5,,30-33 anos,Concordo Moderadamente,Concordo Pouco,Rh,Feminino,Ensino superior incompleto,Uni√£o Est√°vel
ce2dbc78-52c3-4ec5-9e93-2b9fea46617e,5,,22-25 anos,Concordo Moderadamente,Concordo Moderadamente,Cursando pos-graduacao de Escrita Criativa,Feminino,P√≥s gradua√ß√£o incompleta,Solteiro(a)
6aa7579c-e04e-45f4-8972-903aeb60d55b,5,Acho interessante recomenda√ß√µes de s√©ries e at√© livros tamb√©m!,22-25 anos,Concordo Totalmente,Concordo Moderadamente,Estudante de Direito,Feminino,Ensino superior incompleto,Solteiro(a)
f147aeb3-8575-48e3-a2a1-317c006176ea,5,,26-29 anos,Concordo Pouco,Concordo Totalmente,Agente de organiza√ß√£o escolar.,Feminino,P√≥s gradua√ß√£o completa,Solteiro(a)
2c14e833-dbe8-4436-8af9-fc2b784911e0,5,,30-33 anos,Concordo Totalmente,Concordo Moderadamente,Dona de casa,Feminino,Ensino M√©dio completo,Casado(a)
f1dabcde-01c9-4c06-ac1c-4ac41a73681c,5,,18-21 anos,Concordo Totalmente,Concordo Totalmente,Bi√≥loga,Feminino,Ensino superior completo,Solteiro(a)
f365b24b-9aef-4556-b1a6-98bd9365049d,5,"Muito boas as perguntas, s√£o bem objetivas",22-25 anos,"Nem Concordo, Nem Discordo",Concordo Pouco,Estudante da √°rea de Biologia (bacharelado),Feminino,Ensino superior incompleto,Solteiro(a)
a0e5327d-7b40-4fb7-9f29-b2bc973e682d,5,,38-40 anos,"Nem Concordo, Nem Discordo","Nem Concordo, Nem Discordo",Empres√°ria,Feminino,P√≥s gradua√ß√£o completa,Solteiro(a)
9096afd1-691b-4233-aad2-15eb7579ec1c,5,,22-25 anos,Concordo Totalmente,Discordo Pouco,Fisioterapeuta,Feminino,Ensino superior completo,Solteiro(a)
af221659-951a-4aec-9d51-5343e1e51d65,5,,26-29 anos,Concordo Totalmente,Concordo Pouco,Costureira,Feminino,Ensino superior incompleto,Casado(a)
729baf43-2f1e-4935-801b-75655b7f70c7,5,Uma pesquisa agrad√°vel!,22-25 anos,Concordo Moderadamente,Concordo Moderadamente,Estudante de Ingl√™s,Feminino,Ensino M√©dio completo,Casado(a)
c5d800e7-b766-4f43-8a2f-4a2f6400fdb1,5,,22-25 anos,Concordo Moderadamente,Concordo Pouco,Estudante de Administra√ß√£o,Feminino,Ensino superior incompleto,Solteiro(a)
6a872a63-307f-4dbc-ab2d-e03957c78f8b,5,,30-33 anos,"Nem Concordo, Nem Discordo",Concordo Pouco,Farm√°cia,Feminino,Ensino superior incompleto,Solteiro(a)
cda9a010-7d21-419a-8769-63f2a669b7e4,5,,26-29 anos,Discordo Pouco,"Nem Concordo, Nem Discordo",Estudante de licenciatura em Matem√°tica,Feminino,Ensino superior completo,Solteiro(a)
c73dc175-4825-494b-957e-1bce9d71040c,5,Nada a declarar,22-25 anos,Discordo Totalmente,Discordo Pouco,Dona de casa,Feminino,Ensino M√©dio incompleto,Casado(a)
34f3348a-4984-41c8-9fe4-ef82c812facb,5,,26-29 anos,Concordo Pouco,Concordo Moderadamente,Suporte t√©cnico,Feminino,Ensino superior completo,Uni√£o Est√°vel
c956e96b-a84a-4889-9434-b5a45f5f1489,5,"Acredito que para melhorar o algoritmo, que no momento da escolha seja obrigat√≥rio colocar no m√≠nimo avalia√ß√µes de tr√™s ou mais g√™neros diferentes.",26-29 anos,Discordo Pouco,Concordo Moderadamente,Qu√≠mico,Feminino,Ensino superior completo,Casado(a)
632850d7-3a27-4c91-9c31-09a71b455d55,5,,18-21 anos,Concordo Totalmente,Concordo Moderadamente,Auxiliar de rh,Feminino,Ensino superior completo,Solteiro(a)
4ff74cb2-5fa6-416a-8aaa-28e11a9daa92,5,,38-40 anos,Discordo Pouco,Concordo Moderadamente,Recepcionista,Feminino,Ensino superior incompleto,Solteiro(a)
e4197105-ac90-4cab-8562-e2916a1a2cb3,5,,18-21 anos,Concordo Totalmente,Concordo Totalmente,Estudante de farm√°cia,Feminino,Ensino M√©dio completo,Solteiro(a)
0e67d4a6-8623-44d7-8109-4a88c6759789,5,,30-33 anos,Discordo Moderadamente,Concordo Pouco,Engenheiro,Feminino,Ensino superior completo,Casado(a)
58b6b346-dd8a-4ca4-ab98-2cc10b01eaf6,5,Sucesso para esse aplicativo.,30-33 anos,Concordo Totalmente,Concordo Totalmente,Artes√£,Feminino,Ensino M√©dio completo,Casado(a)
b5ffff38-1808-45f7-b389-8dcb4f4f00d7,5,....,26-29 anos,Concordo Moderadamente,Concordo Moderadamente,T√©cnico em Turismo,Feminino,Ensino M√©dio completo,Solteiro(a)
7ca4a86f-6545-4758-a369-f8df91e28646,5,Mais filmes conhecidos para achar na busca deste sistema.,30-33 anos,Concordo Totalmente,Concordo Moderadamente,No momento dona de casa,Feminino,Ensino superior completo,Uni√£o Est√°vel
464ea7fd-0784-487b-9165-8ee2d0eb86d7,5,,26-29 anos,Concordo Pouco,"Nem Concordo, Nem Discordo",Assistente financeiro,Feminino,Ensino superior incompleto,Solteiro(a)
8f0f0f71-1dd2-4e59-ae22-ad629189da31,5,,26-29 anos,Concordo Moderadamente,Concordo Moderadamente,Fisioterapeuta,Feminino,Ensino superior completo,Solteiro(a)
77d16b21-9e48-4525-80be-ecf872ef60e0,5,,30-33 anos,Concordo Moderadamente,Concordo Pouco,Dona de casa,Feminino,Ensino M√©dio completo,Solteiro(a)
d1bebf86-25cb-444c-8d9e-4f1ed77da56f,5,,22-25 anos,Concordo Totalmente,Concordo Totalmente,Ci√™ncias Biol√≥gicas,Feminino,Ensino superior incompleto,Casado(a)
3fb6809b-e699-4585-90fa-fa668dae9d6a,5,,26-29 anos,"Nem Concordo, Nem Discordo",Concordo Pouco,Professora,Feminino,P√≥s gradua√ß√£o completa,Solteiro(a)
24e7ac88-7fc3-45ff-a921-ee678cf24f39,5,Adorei. Os filmes foram indicados de acordo com os g√™neros escolhidos.,34-37 anos,Concordo Moderadamente,Concordo Moderadamente,Psic√≥loga,Feminino,P√≥s gradua√ß√£o completa,Solteiro(a)
bfefa94b-fb41-494a-903f-3bb3f18fd349,5,,18-21 anos,Concordo Pouco,Concordo Moderadamente,Curso Direito,Feminino,Ensino superior incompleto,Solteiro(a)
2b3990a5-005f-406c-85c7-f662bb38b177,5,,26-29 anos,Concordo Pouco,Concordo Pouco,Enfermeira,Feminino,Ensino superior completo,Solteiro(a)
14b71917-9300-4abc-9790-62d4c085887f,5,,22-25 anos,Concordo Pouco,Concordo Moderadamente,Medicina,Feminino,Ensino superior incompleto,Solteiro(a)
05a36045-7d5f-4be8-9126-9092bcd246de,5,,22-25 anos,Concordo Moderadamente,Concordo Totalmente,Nutricionista,Feminino,P√≥s gradua√ß√£o completa,Solteiro(a)
e34811b6-ccf2-4fe7-813d-7c5694ef3d49,5,,22-25 anos,Concordo Moderadamente,Concordo Moderadamente,Pedagogia.,Feminino,Ensino superior completo,Solteiro(a)
400c4eb7-43f4-4897-8520-eb6a8ee1b618,5,Gostei,26-29 anos,Concordo Pouco,Concordo Pouco,Nenhum,Feminino,Ensino M√©dio completo,Casado(a)
08cce154-4c9e-4431-a732-0d81ac413c43,5,Achei um bom sistema .,26-29 anos,Concordo Pouco,Concordo Pouco,Atendimento,Feminino,Ensino superior completo,Solteiro(a)
1cad2b8c-9e9d-4f8e-8251-3e0dbb4d9b0f,5,,30-33 anos,Concordo Moderadamente,Concordo Moderadamente,Eccomerce,Feminino,Ensino M√©dio completo,Solteiro(a)
60768d1c-88d3-439b-a60e-bb93f195b587,5,,22-25 anos,"Nem Concordo, Nem Discordo",Concordo Pouco,Estudante licenciatura em Hist√≥ria,Feminino,Ensino M√©dio completo,Solteiro(a)
58b5809a-2f69-4dd9-8a62-fa0745422872,5,,34-37 anos,Concordo Pouco,Discordo Pouco,Funcion√°ria p√∫blica,Feminino,P√≥s gradua√ß√£o completa,Solteiro(a)
07de0add-1abb-4b80-9db1-98412b2d0e1a,5,,30-33 anos,Concordo Totalmente,Concordo Pouco,Assistente administrativo,Feminino,Ensino M√©dio completo,Solteiro(a)
53566e03-f5d2-4c52-bc8f-26800cf88e7a,5,,34-37 anos,Concordo Pouco,Concordo Totalmente,Desempregada,Feminino,Ensino M√©dio completo,Uni√£o Est√°vel
4f7acc7f-2a5a-4298-8695-b8c133c1ee12,5,,26-29 anos,Concordo Totalmente,Concordo Moderadamente,Coordenadora,Feminino,Ensino superior incompleto,Casado(a)
f214a0da-73b8-4cce-9320-b56dd8f5bfbc,5,"O algoritmo pode funcionar de forma que atenda as pessoas porque ele me deu boas op√ß√µes. Por√©m, ele me recomendou apenas um g√™nero de filme sendo que eu escolhi mais de um tipo, e que particularmente, eu j√° tinha assistido a todos. O algoritmo ao escolher os filmes se baseou na maior porcentagem de filmes que eu classifiquei. Sendo que eu n√£o procurei por nenhum, e sim, classifiquei os 7 primeiros filmes que eu j√° tinha assistido. Eu penso que ele podia levar em considera√ß√£o todos os g√™neros escolhidos e tamb√©m o tema abordado nos filmes, pois assim ir√° surpeender as pessoas com op√ß√µes que elas ainda n√£o pensaram em assistir.",18-21 anos,"Nem Concordo, Nem Discordo",Discordo Pouco,Estudante de agr√°rias,Feminino,Ensino superior incompleto,Solteiro(a)
c2e539b2-3407-4a44-8213-de09ca22c7ac,5,,18-21 anos,Concordo Moderadamente,Concordo Pouco,Estudande- Geografia,Masculino,Ensino superior incompleto,Solteiro(a)
31605639-8a15-4811-9cf5-acba3f40cbe2,5,Poucas op√ß√µes de filme,34-37 anos,Concordo Pouco,Concordo Pouco,.,Feminino,Ensino superior completo,Casado(a)
f958d71f-bb34-4361-8fa5-b34101347d7c,5,,22-25 anos,Discordo Pouco,"Nem Concordo, Nem Discordo",Psic√≥loga,Feminino,Ensino superior completo,Solteiro(a)
a94335cb-d7c5-45ce-b5d4-ae4d10716c5e,5,,18-21 anos,"Nem Concordo, Nem Discordo",Concordo Moderadamente,Acad√™mica de Enfermagem,Feminino,Ensino superior incompleto,Solteiro(a)
0793bc6b-a228-40d7-b0e6-62bf8cc0bf43,5,,18-21 anos,Concordo Moderadamente,Concordo Totalmente,Estudante de Hist√≥ria,Feminino,Ensino superior incompleto,Solteiro(a)
87167877-a78a-49b3-8bad-c62d5787f23a,5,"Achei muito interessante. Uma IA muito moderna poderia considerar amplamente meus gostos pessoais ao sugerir filmes. Por exemplo, eu assisto muitas coisas asi√°ticas, Coreia, Jap√£o, China, Taiwan, Tail√¢ndia‚Ä¶ Eu gostaria muito de ter sugest√µes de filmes desses locais, pois √© dif√≠cil achar sozinha os que enquadrem perfeitamente com meus gostos pessoais.",26-29 anos,Concordo Moderadamente,Concordo Pouco,"Estudante de direito, formada em administra√ß√£o. Atualmente estagi√°ria na √°rea do direito.",Feminino,Ensino superior completo,Solteiro(a)
f7e5ffe7-c959-4cab-bf21-8b0611bc6a00,5,,30-33 anos,Concordo Moderadamente,Concordo Moderadamente,Servidor p√∫blico,Feminino,P√≥s gradua√ß√£o completa,Casado(a)
4735fce2-910e-4b57-adfc-64a8b48ba2be,5,,30-33 anos,Concordo Moderadamente,Concordo Totalmente,Bibliotec√°ria,Feminino,Ensino superior completo,Solteiro(a)
e4e2939f-c1f7-4fcf-a2b8-77b6f976884d,5,,34-37 anos,Concordo Moderadamente,Concordo Pouco,Advogada,Feminino,P√≥s gradua√ß√£o incompleta,Casado(a)
97a27e82-7d55-4e64-9103-47e1acc6dd13,5,,26-29 anos,Concordo Moderadamente,Concordo Moderadamente,Engenheira Mec√¢nica,Feminino,P√≥s gradua√ß√£o completa,Solteiro(a)
731f9a36-3e5e-42bf-a0e4-51f60837d08b,5,,22-25 anos,Concordo Totalmente,Concordo Totalmente,Maquiadora,Feminino,Ensino M√©dio completo,Solteiro(a)
805f63d0-b754-4c63-bc89-af68acc8a2e6,5,,26-29 anos,Concordo Totalmente,Concordo Totalmente,Professora,Feminino,Ensino superior completo,Casado(a)
e55c9213-ca7d-4001-a443-8ac0427e0323,5,,22-25 anos,Concordo Moderadamente,Concordo Totalmente,Interncaionalista,Feminino,Ensino superior completo,Solteiro(a)
12267126-b29e-442d-896c-ef9ea2b59de1,5,,18-21 anos,Concordo Totalmente,Concordo Totalmente,Atendente de farm√°cia,Feminino,Ensino superior completo,Solteiro(a)
b1b53c6b-426c-4988-a8e6-7baacc270254,5,"Gostei bastante, super usaria sempre",26-29 anos,"Nem Concordo, Nem Discordo",Concordo Moderadamente,Aut√¥nomo artes√£,Feminino,Ensino M√©dio incompleto,Uni√£o Est√°vel
bd7e3504-73a9-4036-9307-d1e08e6e6625,5,,18-21 anos,"Nem Concordo, Nem Discordo",Concordo Pouco,Estudante enfermagem,Feminino,Ensino superior incompleto,Solteiro(a)
4be1eb7f-246a-4191-a820-cac26ad6b750,5,,38-40 anos,"Nem Concordo, Nem Discordo",Concordo Pouco,T√©cnica administrativa,Feminino,P√≥s gradua√ß√£o completa,Separado(a)
32afa432-098b-4c74-9a4a-2069fde691ce,5,,26-29 anos,Concordo Pouco,Discordo Pouco,Estudante de hist√≥ria,Feminino,P√≥s gradua√ß√£o incompleta,Uni√£o Est√°vel
9ae69848-e595-4280-b8b1-7b560696cbb1,5,,18-21 anos,Concordo Totalmente,Concordo Pouco,Estudante da sa√∫de,Feminino,Ensino superior incompleto,Solteiro(a)
81c479dc-5754-4177-bf92-06010677e8c2,5,,18-21 anos,Concordo Totalmente,Concordo Totalmente,Estudante psicologia,Feminino,Ensino superior completo,Solteiro(a)
44e3283c-a951-43d6-aa4c-29879fc405f2,5,,18-21 anos,Concordo Moderadamente,Concordo Moderadamente,Estudante de direito,Feminino,Ensino M√©dio completo,Solteiro(a)
bdc06a2a-bdea-40a5-be35-5ee901218c9f,5,,18-21 anos,Concordo Moderadamente,"Nem Concordo, Nem Discordo",Estudante de Veterin√°ria,Feminino,Ensino superior incompleto,Solteiro(a)
7ef39174-c29b-4b3a-b2f3-403b53948e61,5,,26-29 anos,Concordo Pouco,Concordo Pouco,Advogada,Feminino,P√≥s gradua√ß√£o completa,Solteiro(a)
1d496fb6-f92a-4185-a69a-ca0fe5340337,5,,18-21 anos,Concordo Pouco,Concordo Moderadamente,Estudante (vestibular),Feminino,Ensino M√©dio completo,Solteiro(a)
b08d3520-9477-49e1-8e60-f99a70d95e82,5,,26-29 anos,Concordo Moderadamente,Discordo Pouco,Estudante,Feminino,Ensino superior incompleto,Solteiro(a)
13601543-649a-4b1b-bb06-076d49ebb5fe,5,,26-29 anos,Concordo Moderadamente,Concordo Moderadamente,Assistente de Tecnologia da Informa√ß√£o,Feminino,P√≥s gradua√ß√£o completa,Casado(a)
c56ddc95-3256-44ca-9756-466192ccb441,5,,30-33 anos,Concordo Pouco,Concordo Pouco,Arquiteta,Feminino,P√≥s gradua√ß√£o completa,Uni√£o Est√°vel
e882bb3e-daf4-4498-ae68-a4bbdc531a35,5,,18-21 anos,Concordo Moderadamente,Concordo Moderadamente,Estudante Biologia,Feminino,Ensino M√©dio completo,Solteiro(a)
7ba6c296-159d-4d81-a5b8-1ee75eca61a2,5,,26-29 anos,"Nem Concordo, Nem Discordo","Nem Concordo, Nem Discordo",Dona de casa,Feminino,Ensino M√©dio completo,Casado(a)
661b2b19-8474-4db8-91f0-11fea719a97c,5,,26-29 anos,Concordo Totalmente,Concordo Totalmente,Monitora de educa√ß√£o infantil.,Feminino,Ensino superior incompleto,Separado(a)