id,added_timestamp,user_id,experiment_type,movie_selected,popularity_int,popularity_budget_inf,imdb,from_calibration
58,1680493733,003d48b2-644a-4d45-8c9a-16fa014c63c6,0,Kung Fu Panda (2008),M,H,tt0441773,FALSE
82,1680528352,009bf3a0-296a-4345-85be-e6fa024d9cb7,4,Patch Adams: O Amor é Contagioso (1998),M,H,tt0129290,FALSE
59,1680824598,01351f2d-7931-4dc8-b4ea-b670a087c89e,2,Vidas ao Vento (2013),T,M,tt2013293,TRUE
242,1680471453,01884a41-6cec-434e-80c1-6b711b9f401c,3,Os Instrumentos Mortais: Cidade dos Ossos (2013),T,H,tt1538403,TRUE
39,1680461367,01d15a9b-12d4-48f5-861f-d0dc714f64ef,4,O Fabuloso Destino de Amélie Poulain (2001),H,M,tt0211915,TRUE
135,1679824150,022b0727-abba-498e-b76e-ac553df35658,2,Todo Mundo em Pânico 5 (2013),T,M,,FALSE
42,1680485502,02c1bfef-a927-437a-9ba2-427d780b631d,3,Meu Malvado Favorito (2010),M,H,tt1323594,FALSE
148,1680465117,02f044f1-095f-45d3-87aa-f0a58772b09e,1,Che: O Argentino (2008),T,M,tt0892255,FALSE
24,1680819668,034a9236-4442-4770-b6b1-2dda765e77cd,1,Apenas Duas Noites (2014),T,T,tt2140619,TRUE
104,1680462664,0365cdbb-e6a8-48fe-b79c-73d9366694d3,3,Desejo e Reparação (2007),T,M,tt0783233,TRUE
44,1680461477,038fb863-ddf6-4873-b2e6-62efb1895049,0,Diário de uma Paixão (2004),M,M,tt0332280,FALSE
48,1680487300,04683bef-1995-41ca-a314-bf98212019e7,4,O Senhor das Armas (2005),M,H,tt0399295,FALSE
46,1679779931,048a0b29-7dd5-4454-be7e-09f37b670381,1,Philomena (2013),T,M,,TRUE
45,1680822614,050a9c4f-535a-4ca2-be0c-2e32f47f6392,3,A Proposta (2009),T,T,tt0421238,FALSE
30,1680461153,0520d67c-52b8-445b-aced-0d669d3ea705,0,Harry Potter e o Cálice de Fogo (2005),M,H,tt0330373,FALSE
65,1680461849,05a36045-7d5f-4be8-9126-9092bcd246de,5,Como Agarrar Meu Ex-Namorado (2012),T,M,tt1598828,FALSE
84,1680530088,05e111a0-3e6d-4bbe-a238-4982e1620251,0,Pokémon: O Filme 2000 - O Poder de Um (1999),T,M,tt0210234,FALSE
42,1679779698,06483068-8764-4ab9-9140-f13e4904f70c,1,Casa Comigo? (2010),T,M,,FALSE
212,1680469286,07507c00-3001-4658-9229-3427d94590e9,3,Amor e Outras Drogas (2010),T,M,tt0758752,FALSE
61,1679780669,076acda8-7215-4653-bdb8-e93ea5639c10,2,O Hobbit: Uma Jornada Inesperada (2012),M,H,,FALSE
115,1680463043,0793bc6b-a228-40d7-b0e6-62bf8cc0bf43,5,Meu Malvado Favorito (2010),M,H,tt1323594,FALSE
75,1680462017,07de0add-1abb-4b80-9db1-98412b2d0e1a,5,Batman: O Cavaleiro das Trevas Ressurge (2012),M,H,tt1345836,FALSE
67,1680461886,08cce154-4c9e-4431-a732-0d81ac413c43,5,Patch Adams: O Amor é Contagioso (1998),M,H,tt0129290,FALSE
2,1680459955,09bef67f-3627-47cd-9a8b-302b5ef07222,4,Um Homem de Sorte (2012),T,M,tt1327194,FALSE
121,1679797376,0a1770d0-2aae-47ea-b4b3-89193a3728e4,2,Pelos Olhos de Maisie (2013),T,T,,FALSE
5,1680473667,0b214e62-1090-4cfa-ba9a-323d7ff75220,4,O Cheiro do Ralo (2006),T,T,tt0489458,FALSE
9,1680460369,0b28af51-0dc9-4bd0-886c-c6e92dcc8125,0,Hércules (1997),T,H,tt1267297,FALSE
29,1680479475,0bf94ad7-888b-4c73-bd1c-d9f374a7201a,0,Um Dia (2011),T,M,tt1563738,FALSE
31,1680821184,0c6a86c5-cf8e-4ed7-b9c5-f59c62f679fc,2,A Era do Gelo 4 (2012),T,H,tt1667889,FALSE
225,1680470060,0d4a3433-a3dd-4d31-87b0-51b3728df18c,4,Emma (1996),M,M,tt0116191,FALSE
153,1679842295,0db42da8-6b45-4b31-95d0-784fea5a2156,2,Maníaco (2012),T,T,,TRUE
7,1680460210,0e67d4a6-8623-44d7-8109-4a88c6759789,5,Branca de Neve e o Caçador (2012),T,H,tt1735898,FALSE
224,1680470055,0ea60adf-c84f-4ddf-a4eb-97e8298980fa,0,Como Treinar o Seu Dragão (2010),M,H,tt0892769,FALSE
75,1679781781,1089a767-6ccb-4bce-92a8-d01112fc6596,2,Ensaio Sobre a Cegueira (2008),T,M,,FALSE
132,1680464164,10df0b30-7d90-4921-8a8c-e89be73cf4c4,4,Procura-se um Amigo para o Fim do Mundo (2012),T,M,tt1307068,TRUE
13,1680818190,11477b46-b865-41b0-94fe-132fe8a39b01,2,Rio (2011),T,H,tt1436562,FALSE
213,1680469320,12267126-b29e-442d-896c-ef9ea2b59de1,5,Ensaio Sobre a Cegueira (2008),T,M,tt0861689,FALSE
58,1680824140,1271c1ed-4a66-47ff-ab93-c787a07d9213,4,Invasão à Casa Branca (2013),T,H,tt2302755,FALSE
76,1680520791,12f87108-4fc4-4bc2-80d7-c7888ef56c47,3,O Espelho (2013),T,T,tt0072443,TRUE
27,1680478684,134be51c-9495-4278-babe-763b7e8f0791,0,Sempre ao Seu Lado (2009),T,M,tt1028532,FALSE
40,1680822350,13601543-649a-4b1b-bb06-076d49ebb5fe,5,Trainspotting: Sem Limites (1996),H,T,tt0117951,FALSE
23,1680460833,14b71917-9300-4abc-9790-62d4c085887f,5,Kingsman: Serviço Secreto (2015),M,H,tt2802144,FALSE
57,1680461752,15cf8220-70c4-4c5b-8d11-02edd2efc927,0,Pense como Eles (2012),T,M,tt1621045,FALSE
133,1680464171,15edc4a0-288c-465e-889f-edd8ca8545c2,0,Enrolados (2010),M,H,tt0398286,FALSE
20,1680818977,1679fe9b-839b-4c50-8dd7-5005a692f2fb,2,Hércules (1997),T,H,tt1267297,FALSE
126,1679801146,16b06c1b-acf6-46c6-83c4-2858f11fe174,2,Um Homem de Sorte (2012),T,M,,FALSE
196,1680467574,17547904-a5c8-4a82-bf00-910c8a4ee5ac,3,Malévola (2014),T,H,tt1587310,FALSE
47,1680822695,1783d7ef-9a54-4ea6-b5d5-132953967b7f,1,Cruzada (2005),M,H,tt0320661,FALSE
204,1680468454,17e0049d-5913-46a2-9a14-919ff844f460,2,Uma Garota Encantada (2004),T,M,tt0327679,FALSE
38,1680482318,19f37fdc-245f-4ae6-9199-ed3db44996a8,3,Mulan (1998),M,H,tt0120762,FALSE
46,1680461519,1a4eb786-97a1-4dd9-a723-53de4d2962d7,3,Os Sem-Floresta (2006),T,H,tt0327084,FALSE
8,1680460221,1aab8ad0-8694-49f0-94bd-cfce4303fa81,3,Invasão à Casa Branca (2013),T,H,tt2302755,FALSE
53,1680461678,1ac556e1-b7e3-4143-8646-7271afbb1a8f,0,Ensaio Sobre a Cegueira (2008),T,M,tt0861689,FALSE
33,1680480748,1bb39696-2c18-4802-8f5a-c14f4a93d9e8,0,Madagascar 2: A Grande Escapada (2008),T,H,tt0479952,FALSE
185,1680466902,1c4bd583-2c24-4974-8bc9-b802c0c7fbc8,1,Jack Reacher: O Último Tiro (2012),T,H,tt0790724,FALSE
70,1680461943,1cad2b8c-9e9d-4f8e-8251-3e0dbb4d9b0f,5,Monstros S.A. (2001),H,H,tt0198781,FALSE
139,1679827191,1cc65f23-3d27-4b03-8a9c-dd91c86e8350,1,Dias de Glória (2006),T,M,,FALSE
15,1680476130,1ced4e5c-69e1-496a-99a4-106f4f536f0e,0,Anjos da Noite: A Evolução (2006),M,H,tt0401855,FALSE
29,1680820903,1d496fb6-f92a-4185-a69a-ca0fe5340337,5,A Proposta (2009),T,T,tt0421238,FALSE
28,1680820649,1dfb7e5f-5e78-453d-9bdb-d5f0753e61d8,2,O Último Samurai (2003),M,H,tt0325710,FALSE
172,1680466270,1e61c659-342e-4227-b161-89797e7b89ae,0,Crepúsculo (2008),M,M,tt1099212,FALSE
77,1680522608,1eb582d3-c4e8-420a-b468-4d772b218eb5,3,Sobrenatural: Capítulo 2 (2013),T,T,tt2226417,FALSE
58,1680461764,1eb9681d-0ad1-4124-aa5c-c7b4ab03ec80,3,Mulheres ao Ataque (2014),T,M,tt2203939,FALSE
43,1680486018,1f8c9fcd-4a8c-4782-9892-304cb80b4b4b,4,Invocação do Mal (2013),T,M,tt1457767,FALSE
31,1680461154,1fbc1452-5909-4a42-9ac4-de842d38caa1,5,A Era do Gelo 2 (2006),M,H,tt0438097,FALSE
240,1680471381,1fd30999-46e0-4178-8662-d98af6b4839a,4,Caça às Bruxas (2011),T,M,tt0479997,TRUE
10,1679778029,20800aae-61a6-4d99-944b-6e675a6f67dc,1,Vidas ao Vento (2013),T,M,,TRUE
124,1680463781,20d614ce-927b-4b4e-8314-897202018e91,0,Mamma Mia! O Filme (2008),T,H,tt0795421,FALSE
51,1680461672,2146a108-9923-455d-a922-92b94f8eb152,0,Meu Malvado Favorito (2010),M,H,tt1323594,FALSE
194,1680467541,21e857cc-5fa9-4f92-92b9-1586986cdb95,3,Quatro Casamentos e um Funeral (1994),M,M,tt0109831,TRUE
171,1680466254,2222a173-4b7a-4a41-af82-226b69ba3207,2,Salvador - O Martírio de um Povo (1986),T,M,tt0091886,TRUE
35,1679779388,224c15ab-f507-4bf4-b101-9d1006a9bde0,2,Em Um Mundo Melhor (2010),T,M,,FALSE
33,1680821283,2314fd71-0bda-4d1e-aa41-598a8e6cb99f,1,Emma (1996),M,M,tt0116191,FALSE
18,1680460694,233104be-f47d-4c4c-b4e0-9d302a18c4a5,0,Invocação do Mal (2013),T,M,tt1457767,FALSE
9,1680817302,23f86103-a317-44ca-8de0-a9fa12922c47,2,Juntos Pelo Acaso (2010),T,M,tt1055292,FALSE
94,1680462302,240e4e33-d90e-4da3-bd9f-0f0aeaff1e6a,3,Um Sonho de Liberdade (1994),H,M,tt0111161,TRUE
36,1680461341,24e7ac88-7fc3-45ff-a921-ee678cf24f39,5,Patch Adams: O Amor é Contagioso (1998),M,H,tt0129290,FALSE
4,1680460174,251c18f1-0914-49db-b06c-139a31a877bb,0,Meu Malvado Favorito (2010),M,H,tt1323594,FALSE
251,1680472361,255a9405-ff96-4701-a76c-6530cbba3fbe,4,Separados Pelo Destino (2010),T,M,tt1393746,TRUE
11,1680475386,265a4e47-c6a5-460a-80b7-f90ab20b3c26,#N/A,Separados Pelo Destino (2010),T,M,tt1393746,TRUE
33,1680461186,26cbf38f-9895-41a6-b19f-fcf5f5fedaf2,3,O Diabo Veste Prada (2006),M,M,tt0458352,FALSE
174,1680466324,26cfbb58-34c3-4a6b-bd68-fc6253a99e7d,5,Um Homem de Sorte (2012),T,M,tt1327194,FALSE
21,1680819205,26e15da1-d45b-4fb7-84dd-ababa62addf7,2,Um Homem de Sorte (2012),T,M,tt1327194,FALSE
141,1680464622,275c30b8-5467-4a55-b2d2-fbb811306e8a,4,Enquanto Você Dormia (1995),M,M,tt0114924,FALSE
66,1680461872,29c2aae6-c0df-4f6b-b905-13506d7ce3d2,3,Amor a Toda Prova (2011),M,M,tt1570728,FALSE
85,1679783876,2af8a1a0-98bc-48bd-99bb-981c6b37899d,2,Coração de Tinta: O Livro Mágico (2008),T,H,,FALSE
227,1680470212,2b3990a5-005f-406c-85c7-f662bb38b177,5,Ensaio Sobre a Cegueira (2008),T,M,tt0861689,FALSE
37,1679779454,2b3a04cb-7b33-4198-9dd9-697ae47b3b43,1,Meu Malvado Favorito 2 (2013),M,H,,TRUE
50,1680461632,2bdadf69-5138-4f5b-b804-9ffb2cb74533,4,Como Agarrar Meu Ex-Namorado (2012),T,M,tt1598828,FALSE
31,1680480185,2c14e833-dbe8-4436-8af9-fc2b784911e0,5,Carandiru (2003),T,T,tt0293007,FALSE
116,1679794939,2eeac7c9-fe86-454d-832b-32f62cb2a9dc,2,Carandiru (2003),T,T,,FALSE
218,1680469848,2fdb840d-16c8-4a4a-9048-b5693f022afe,3,Branca de Neve e os Sete Anões (1937),M,M,tt0029583,FALSE
61,1680825353,30c46b96-488f-48ab-bf1d-f8d5ec8b2eb0,1,Carandiru (2003),T,T,tt0293007,FALSE
25,1680478674,3110bd79-2627-4971-9f19-f54ac07671ab,4,A Proposta (2009),M,M,tt1041829,FALSE
54,1680489627,3132a726-02d6-4012-9a8c-dbb6317c6af2,3,Kung Fu Panda 2 (2011),T,H,tt1302011,FALSE
98,1680462473,31605639-8a15-4811-9cf5-acba3f40cbe2,5,A Proposta (2009),T,T,tt0421238,FALSE
25,1680461006,3214ff48-6db2-452f-b504-2e1bc52c3caa,3,Demônio (2010),T,M,tt1314655,FALSE
155,1680465643,32afa432-098b-4c74-9a4a-2069fde691ce,5,O Diabo Veste Prada (2006),M,M,tt0458352,FALSE
19,1680476834,33e39ca7-b3be-4516-b734-450d9789450a,0,Che: O Argentino (2008),T,M,tt0892255,FALSE
99,1680462491,3407381e-c77c-4426-986b-02f3d5a6b909,4,Como Estrelas na Terra (2007),T,T,tt0986264,TRUE
96,1679787053,34192248-6d1d-4494-9fd5-d12c9620da52,1,A Fantástica Fábrica de Chocolate (1971),M,H,,FALSE
96,1679787053,34192248-6d1d-4494-9fd5-d12c9620da52,1,A Fantástica Fábrica de Chocolate (1971),H,M,,FALSE
85,1680530286,34f3348a-4984-41c8-9fe4-ef82c812facb,5,2012 (2009),M,H,tt1190080,FALSE
173,1680466296,3635b733-b712-4d5a-acda-30d79052d5ac,1,O Cheiro do Ralo (2006),T,T,tt0489458,FALSE
102,1679790230,36381c3e-6fb1-4852-82b8-22bf52396fc9,2,Aladdin (1992),H,M,,FALSE
161,1679860811,36bb1693-580d-4d5a-9b0b-6d415d60daed,2,Django Livre (2012),M,H,,FALSE
24,1680460876,3740bdee-8860-41c3-8d68-b6efbb96bd9f,0,Ensaio Sobre a Cegueira (2008),T,M,tt0861689,FALSE
63,1680461818,37bf575b-63ab-44a9-8642-0977290c3b9e,3,2012 (2009),M,H,tt1190080,TRUE
150,1680465183,3831c6dd-4009-4c5e-9722-de082dd37390,1,O Ataque (2013),T,H,tt2334879,FALSE
56,1680461733,38b2d65f-62ce-4205-9416-6da0a6aa37a6,3,Coração de Tinta: O Livro Mágico (2008),T,H,tt0494238,FALSE
68,1680516701,3912a54e-b6ac-43fb-ade0-1f323b1fdf30,3,As Branquelas (2004),T,M,tt0381707,FALSE
129,1680464033,39f51489-d75c-4829-95f3-d35d36a15160,4,Caça às Bruxas (2011),T,M,tt0479997,FALSE
86,1680532109,3b080fd6-5512-46a2-880d-b1daf660795b,3,Um Homem de Sorte (2012),T,M,tt1327194,FALSE
74,1680518470,3b7b8e58-df7e-4468-8ee8-4aeccc40266d,0,Kung Fu Panda (2008),M,H,tt0441773,FALSE
99,1680541666,3b91dcfe-8890-4977-b16e-0371cc257e44,3,A Entidade (2012),T,T,tt1922777,FALSE
80,1679782661,3cb39e27-0b65-400f-b96e-10c1921f31c3,2,Coração de Tinta: O Livro Mágico (2008),T,H,,FALSE
233,1680470671,3d1afa6d-de7c-448f-96ac-f8a8ac7b61d5,0,O Cheiro do Ralo (2006),T,T,tt0489458,FALSE
91,1680462253,3d31cc5d-568c-4f10-afde-4bef314cc10a,0,Mulan (1998),T,M,tt1308138,FALSE
160,1680465784,3e1a659c-4f8f-4d8b-8ca9-8eaef9abff05,3,O Lobo de Wall Street (2013),M,H,tt0993846,FALSE
47,1680461550,3fb6809b-e699-4585-90fa-fa668dae9d6a,5,Emma (1996),M,M,tt0116191,FALSE
74,1680462006,400c4eb7-43f4-4897-8520-eb6a8ee1b618,5,C.R.A.Z.Y. - Loucos de Amor (2005),T,T,tt0401085,FALSE
248,1680472095,41eb0b8e-61b6-4965-945f-fc10ab3e55fa,2,Lore (2012),T,T,tt1996310,FALSE
226,1680470156,42fcb324-f5fe-46f9-bd7f-207768f44d90,2,Malévola (2014),T,H,tt1587310,FALSE
152,1680465453,432774c4-f06f-4f11-a56d-fe17f5a64100,2,Carros (2006),M,H,tt0317219,FALSE
41,1680822389,44163a86-2d8f-40d4-bb4d-d7e4bd920827,4,Patch Adams: O Amor é Contagioso (1998),M,H,tt0129290,FALSE
52,1680461675,441ac7b1-d888-41d2-8b6a-bcd0dfca0b10,4,Pompeia (2014),T,H,tt1921064,FALSE
10,1680460455,444e3780-6f0a-454f-81cb-17cbf72ef6fe,4,O Cheiro do Ralo (2006),T,T,tt0489458,FALSE
57,1679780508,44d11e5e-a864-49e6-bcba-e3a4ed62cf7c,2,Invasão à Casa Branca (2013),T,H,,FALSE
13,1680460482,44d21b55-c372-4085-a3a2-e84a89f91f9c,4,Carros (2006),M,H,tt0317219,FALSE
230,1680470348,44e3283c-a951-43d6-aa4c-29879fc405f2,5,Viagem à Lua de Júpiter (2013),T,T,tt2051879,FALSE
237,1680470931,44e95982-91c8-4e85-a0bf-3527224e0a47,5,Jogos Vorazes: A Esperança - Parte 1 (2014),M,H,tt1951265,FALSE
128,1680463834,45367285-2591-4f0c-92bb-0a2150d35457,0,Spirit: O Corcel Indomável (2002),T,H,tt0166813,FALSE
175,1680466329,459b227c-d1a6-44c0-8990-a983e5370103,2,Pelos Olhos de Maisie (2013),T,T,tt1932767,FALSE
149,1679839916,45b61b18-3c73-4183-aa39-58f7fceac788,2,Ensaio Sobre a Cegueira (2008),T,M,,FALSE
28,1680461063,464ea7fd-0784-487b-9165-8ee2d0eb86d7,5,Separados Pelo Destino (2010),T,M,tt1393746,FALSE
49,1680487306,467bc469-671c-47b1-8a5e-26fa833b8b40,4,Separados Pelo Destino (2010),T,M,tt1393746,FALSE
203,1680468063,4735fce2-910e-4b57-adfc-64a8b48ba2be,5,Invocação do Mal (2013),T,M,tt1457767,FALSE
79,1680525591,48a2aaed-87c9-43cc-b825-d9a4a1149c73,4,Mulheres ao Ataque (2014),T,M,tt2203939,FALSE
193,1680467451,4907b1c3-9a4b-45e3-bd9a-e9f2b7913bd7,1,A Entidade (2012),T,T,tt1922777,FALSE
11,1680817886,49c9c613-01bb-4df2-8bf6-a598a84aff39,1,Mulheres ao Ataque (2014),T,M,tt2203939,FALSE
109,1680462695,49d1065d-f1db-4eb3-ad75-2be382a8428b,3,Mulan (1998),T,M,tt1308138,FALSE
78,1679781800,4a3bd85f-075d-452c-9cda-d1b68d544a02,2,Carandiru (2003),T,T,,FALSE
114,1679793185,4b2e02f0-41b2-492c-aa19-82298bf8cc00,2,Star Wars: Episódio I - A Ameaça Fantasma (1999),H,H,,FALSE
70,1679781621,4b500215-f0c9-4af4-ad4b-fd27cc0e5309,2,Um Dia (2011),T,M,,FALSE
153,1680465456,4be1eb7f-246a-4191-a820-cac26ad6b750,5,Esposa de Mentirinha (2011),T,H,tt1564367,FALSE
178,1680466640,4c199ee7-e619-4b23-a2cc-4e7c597763b9,1,Invasão à Casa Branca (2013),T,H,tt2302755,FALSE
20,1679778413,4ce8d2c8-52c6-4c8b-9e06-1800c737c428,2,Coração de Tinta: O Livro Mágico (2008),T,H,,TRUE
76,1680462044,4e384cce-53f2-431d-baf7-9923885ed7e6,4,A Entidade (2012),T,T,tt1922777,FALSE
34,1680481695,4e4c9cd7-e3b0-4f3a-a0eb-0234c4e4abbd,3,Harry Potter e a Ordem da Fênix (2007),M,H,tt0373889,FALSE
64,1679780976,4f0efcf0-10f4-438c-b9c1-74d5451779f1,1,Como Agarrar Meu Ex-Namorado (2012),T,M,,FALSE
84,1680462215,4f546aca-b73e-4050-96b0-5b06bb25b930,0,Amor a Toda Prova (2011),M,M,tt1570728,FALSE
101,1680462582,4f7acc7f-2a5a-4298-8695-b8c133c1ee12,5,O Diário de Bridget Jones (2001),M,M,tt0243155,FALSE
209,1680469070,4fcd3ad2-fe46-4317-937a-cceff0bd7b8e,4,A Pequena Sereia (1989),M,H,tt0097757,FALSE
101,1679788569,4fe002dc-5999-4eea-a22b-ced35bc84075,1,Mulan (1998),T,M,,FALSE
101,1679788569,4fe002dc-5999-4eea-a22b-ced35bc84075,1,Mulan (1998),M,H,,FALSE
92,1680533564,4ff74cb2-5fa6-416a-8aaa-28e11a9daa92,5,Kingsman: Serviço Secreto (2015),M,H,tt2802144,FALSE
128,1679802492,505c3a98-53a6-4922-8d2f-07a3fcad73a6,1,As Palavras (2012),T,T,,FALSE
120,1679797229,51bed5d0-5dbc-4a97-8995-3a17a498e31c,1,A Entidade (2012),T,T,,FALSE
86,1680462231,51cd411d-444f-4105-b2fd-821fc547fed2,3,Além da Vida (2010),T,T,tt0838247,FALSE
52,1680488950,51e1fa02-0e5e-450c-b02f-977d6186dd86,0,Dia de Treinamento (2001),M,H,tt0139654,FALSE
53,1680823420,51fac87f-84a3-48f8-bc08-2032552b4560,3,El Topo (1970),T,T,tt0067866,FALSE
13,1679778149,52545f70-c005-452a-a498-733cf218a2a8,2,A Montanha Sagrada (1973),T,T,,FALSE
177,1680466628,52fc3bde-6b11-44a8-a6c5-7d3fc335478a,3,Mulheres ao Ataque (2014),T,M,tt2203939,FALSE
88,1680462240,53566e03-f5d2-4c52-bc8f-26800cf88e7a,5,Pokémon: O Filme 2000 - O Poder de Um (1999),T,M,tt0210234,FALSE
5,1680460203,54501d08-5568-4149-b1ed-6d9c70caf2e4,4,Adoráveis Mulheres (1994),M,M,tt0110367,FALSE
93,1679785936,548a8320-3955-4185-826d-4943d27eabb0,1,Invocação do Mal (2013),T,M,,FALSE
6,1680473844,54b7207f-097b-49fc-8834-8abba40092ad,5,Ensaio Sobre a Cegueira (2008),T,M,tt0861689,FALSE
37,1680821838,55913fc1-16e5-4cae-87e3-244770b59369,4,Mulan (1998),M,H,tt0120762,FALSE
12,1680818159,56e0cc45-3f22-4887-a0b3-2966b25731c6,2,Coração de Tinta: O Livro Mágico (2008),T,H,tt0494238,TRUE
154,1679844127,584f239c-9715-47d6-9a7a-600d0b650a1b,1,Academia de Vampiros: O Beijo das Sombras (2014),T,M,,TRUE
49,1680461564,586afed8-5f9c-44ec-b813-6c63505d5f6b,0,Em Um Mundo Melhor (2010),T,M,tt1340107,FALSE
182,1680466838,5870e8c5-74a8-4c78-bc3e-f999ed005421,2,Sem Reservas (2007),T,M,tt0481141,TRUE
77,1680462067,58b5809a-2f69-4dd9-8a62-fa0745422872,5,Kung Fu Panda (2008),M,H,tt0441773,FALSE
15,1680460556,58b6b346-dd8a-4ca4-ab98-2cc10b01eaf6,5,Branca de Neve e o Caçador (2012),T,H,tt1735898,FALSE
162,1680465821,5955284a-2d0c-41b7-8d14-43cfcc0256d1,4,Carandiru (2003),T,T,tt0293007,FALSE
235,1680470821,59ffcdef-f70d-45ad-bc35-a6573f25e5b2,1,Invasão à Casa Branca (2013),T,H,tt2302755,FALSE
89,1680462240,5a1b9196-f67f-4995-a388-95493ee876aa,4,X-Men: O Filme (2000),H,H,tt0120903,TRUE
93,1680533656,5a54dad2-dafa-45e1-8574-7db2a3c0c913,3,A Era do Gelo 4 (2012),T,H,tt1667889,FALSE
12,1680475448,5add764c-016b-4683-b117-37709fe6df4b,3,Guerra Mundial Z (2013),M,H,tt0816711,FALSE
97,1680462417,5bc2ff61-fdfc-40fc-8008-36a06c46af70,3,Como Agarrar Meu Ex-Namorado (2012),T,M,tt1598828,TRUE
130,1680464069,5c6ee240-88f6-4371-9f71-674732c22400,3,Invasão à Casa Branca (2013),T,H,tt2302755,FALSE
136,1680464392,5dcfec6b-0b0e-4085-aa97-82082491a0f8,0,O Senhor das Armas (2005),M,H,tt0399295,FALSE
91,1680533198,5dff1cf5-d3bc-477e-be22-cff7777744b5,4,Babá Fora de Controle (2014),T,T,tt3013602,FALSE
107,1680462679,5e3d50d5-2435-4136-8c26-f9aa7f905d7b,0,Qual Seu Número? (2011),T,M,tt0770703,FALSE
44,1680822578,5e46b884-afd3-497d-8f63-e181fcf22f92,4,O Senhor dos Anéis: A Sociedade do Anel (2001),H,H,tt0120737,TRUE
4,1680473556,602ccabb-118f-47e1-aaad-167ac1847bcc,0,Coração de Tinta: O Livro Mágico (2008),T,H,tt0494238,FALSE
60,1680461779,60768d1c-88d3-439b-a60e-bb93f195b587,5,Thor: O Mundo Sombrio (2013),M,H,tt1981115,FALSE
111,1679792730,620597f8-d1cf-4aad-b244-e713639d3e8e,1,Um Homem de Sorte (2012),T,M,,FALSE
138,1679826427,6220043c-e6d3-4d15-a6fd-b9408a0d5687,2,ParaNorman (2012),T,H,,TRUE
22,1680819354,62908259-d16e-4674-9b8a-18e0199819a9,1,A Saga Crepúsculo: Amanhecer - Parte 2 (2012),T,H,tt1673434,FALSE
27,1680820498,63171c6b-39ee-4105-a57e-a069f7fad504,1,O Corcunda de Notre Dame (1996),M,H,tt0116583,TRUE
87,1680532333,632850d7-3a27-4c91-9c31-09a71b455d55,5,Invasão à Casa Branca (2013),T,H,tt2302755,FALSE
165,1680465916,64141982-108d-4f2d-a58d-5080bb334c66,3,O Diabo Veste Prada (2006),M,M,tt0458352,FALSE
211,1680469283,6450d6c3-1fdd-476c-87b7-8d2cdf3e8e57,4,ParaNorman (2012),T,H,tt1623288,TRUE
22,1680477683,655bf2fe-2a4e-4050-ad22-5aa292ba5efb,3,A Proposta (2009),M,M,tt1041829,FALSE
2,1680473417,65c861b8-2144-47df-a18c-6c9991de3536,0,Carros (2006),M,H,tt0317219,FALSE
19,1679778402,65ee3610-eb2b-4150-8372-ab45ef13d315,2,Malévola (2014),T,H,,FALSE
60,1680824873,661b2b19-8474-4db8-91f0-11fea719a97c,5,A Saga Crepúsculo: Amanhecer - Parte 1 (2011),T,H,tt1324999,FALSE
64,1680827574,675c8157-eaf6-4174-ab4b-e12e4deb8505,1,Um Homem de Sorte (2012),T,M,tt1327194,FALSE
17,1680476295,67a55ea5-0d1f-4d73-9e79-aef44292a5b1,3,Kung Fu Panda (2008),M,H,tt0441773,FALSE
239,1680471249,67d734f4-df49-4e66-b1ad-05810a42f011,3,A Entidade (2012),T,T,tt1922777,TRUE
228,1680470267,6830bcbd-4729-492d-8827-a79141aadc8f,4,O Pai da Noiva (1991),T,M,tt0101862,FALSE
88,1680532422,68c93846-ce45-4c17-80ac-ef558bf9777b,4,Resident Evil 4: Recomeço (2010),T,H,tt1220634,FALSE
163,1680465840,6933eeb4-3cbe-43d1-9236-ccc32efbd8b2,1,Patch Adams: O Amor é Contagioso (1998),M,H,tt0129290,FALSE
188,1680467161,695ce585-4fc4-4c96-acb1-a9d771268c07,4,As Branquelas (2004),T,M,tt0381707,FALSE
62,1680461806,6a6d3664-0b16-4570-801b-5b3aebff0a27,0,Ensaio Sobre a Cegueira (2008),T,M,tt0861689,FALSE
69,1680516756,6a872a63-307f-4dbc-ab2d-e03957c78f8b,5,A Montanha Sagrada (1973),T,T,tt0071615,FALSE
23,1680477803,6aa7579c-e04e-45f4-8972-903aeb60d55b,5,Invocação do Mal (2013),T,M,tt1457767,FALSE
103,1680462646,6b2ba2f9-02de-4cb4-8a66-5753ae1a230a,0,Carandiru (2003),T,T,tt0293007,FALSE
106,1680462668,6b6400ff-681f-42ae-a1b3-0ccf8abfe1d7,3,Jack Reacher: O Último Tiro (2012),T,H,tt0790724,FALSE
36,1680821775,6c247775-f5be-4b30-b9db-bb8517fe45d1,1,O Diabo Veste Prada (2006),M,M,tt0458352,FALSE
105,1680462668,6c2f738c-0c1d-43f3-b2b5-ce4fe907e8f8,0,Invasão à Casa Branca (2013),T,H,tt2302755,FALSE
142,1680464746,6ce629b4-931d-47a9-9da2-6b18efe476bf,0,Invasão à Casa Branca (2013),T,H,tt2302755,FALSE
45,1680461504,6df71977-3438-40e4-b63b-6b19bd633bc6,3,Meu Malvado Favorito (2010),M,H,tt1323594,FALSE
154,1680465571,6e763514-4afc-4335-9428-ad4e6821892e,0,Vida de Inseto (1998),M,H,tt0120623,FALSE
54,1680461694,6f205008-5059-4f31-84a3-9b3e4bc5b79b,3,Juntos Pelo Acaso (2010),T,M,tt1055292,FALSE
207,1680468839,6f257436-df04-4b2a-ad55-6303168a538a,0,Divergente (2014),M,H,tt1840309,FALSE
57,1680824136,6f67727a-e79e-43b6-b74a-db81f3f36988,0,Invasão à Casa Branca (2013),T,H,tt2302755,FALSE
144,1680464900,6fdae1a6-a5e7-4bfd-b8e1-2516eb297fe2,2,O Senhor das Armas (2005),M,H,tt0399295,FALSE
117,1680463129,6fde3050-af50-4911-b302-197e41f15525,4,Invocação do Mal (2013),T,M,tt1457767,FALSE
184,1680466879,706b8a5c-8f14-4087-afb4-abdab92263c7,0,Sobrenatural: Capítulo 2 (2013),T,T,tt2226417,FALSE
89,1680532571,715e45d7-98cb-4dcf-b2e3-ea93deb453c1,4,Kung Fu Panda 2 (2011),T,H,tt1302011,FALSE
122,1679797629,7165c80a-f033-4b42-ad03-a505aecbcbea,1,Meu Malvado Favorito (2010),M,H,,FALSE
8,1680474940,718ac44d-e14c-41af-a5dc-44e97b857abe,5,Para Sempre (2012),T,M,tt1606389,FALSE
73,1680461965,71a9adc6-362f-4224-949f-640ce3cbc992,0,Caçador de Recompensas (2010),T,M,tt1038919,FALSE
191,1680467405,71c10f4e-2480-487c-92cb-afc4f59a8a2f,4,Invasão à Casa Branca (2013),T,H,tt2302755,FALSE
59,1680496812,729baf43-2f1e-4935-801b-75655b7f70c7,5,As Branquelas (2004),T,M,tt0381707,FALSE
31,1679779271,72c29668-22b7-495c-9f3e-a40dcd34b16f,1,A Entidade (2012),T,T,,FALSE
51,1680823392,72e5fcbb-8989-4e11-8fa1-bfedc455a2a7,4,Missão: Impossível 3 (2006),M,H,tt0317919,FALSE
138,1680464532,731f9a36-3e5e-42bf-a0e4-51f60837d08b,5,Invocação do Mal (2013),T,M,tt1457767,FALSE
100,1680462536,735fa927-d7b8-421b-9b88-93067282fbfc,0,Divergente (2014),M,H,tt1840309,FALSE
220,1680469905,752af648-7dab-4d3d-b97d-dd51f95d32bb,4,O Grande Hotel Budapeste (2014),M,M,tt2278388,FALSE
183,1680466850,75301c24-6ab3-4fe5-a64f-54facac49dcc,4,Meu Malvado Favorito (2010),M,H,tt1323594,FALSE
21,1680460788,77d16b21-9e48-4525-80be-ecf872ef60e0,5,O Ataque (2013),T,H,tt2334879,FALSE
134,1679824069,77e39f91-0c70-4175-88b0-6aa6a5f057a7,1,C.R.A.Z.Y. - Loucos de Amor (2005),T,T,,TRUE
223,1680469964,781dc3f3-c6f0-4d11-a85a-a9be2189be9f,0,Jack Reacher: O Último Tiro (2012),T,H,tt0790724,FALSE
71,1679781670,78c5bb69-e549-441d-b482-7b8b4c2a04bc,1,Razão e Sensibilidade (1995),M,M,,TRUE
83,1680529789,79b61be5-176f-41c8-ae82-45f1d5566d01,0,A Entidade (2012),T,T,tt1922777,FALSE
58,1679780529,7a42bc55-84ae-47e2-b0d4-00c3d63777ec,1,Bud 2: O Atleta de Ouro (1998),T,M,,FALSE
68,1680461895,7a53b03c-27e1-4d6e-be74-c6e7f2e94ae2,4,Invasão à Casa Branca (2013),T,H,tt2302755,FALSE
99,1679788098,7a6992f0-3c6a-4e16-ab79-59b9426f3da5,2,Idas e Vindas do Amor (2010),T,H,,TRUE
34,1680821324,7ac94b59-0bc0-44f9-a93b-3abeff7bf7fc,5,Harry Potter e as Relíquias da Morte - Parte 1 (2010),M,H,tt0926084,FALSE
55,1680823689,7ba6c296-159d-4d81-a5b8-1ee75eca61a2,5,Tá Todo Mundo Louco! (2001),M,H,tt0250687,FALSE
145,1679834998,7bfe444d-5691-480d-938f-902c3c97f6c5,1,Kung Fu Panda 2 (2011),T,H,,FALSE
95,1680538181,7c389ea1-2c76-464e-84c2-bf30536e6100,4,Como Estrelas na Terra (2007),T,T,tt0986264,FALSE
22,1680460819,7ca4a86f-6545-4758-a369-f8df91e28646,5,Invasão à Casa Branca (2013),T,H,tt2302755,FALSE
62,1680825504,7ea4e5b1-8ecb-449a-9950-5c4bf5ecf902,0,Dois Velhos Mais Rabugentos (1995),M,M,tt0113228,FALSE
229,1680470348,7ebe0773-e3e6-4207-a2c3-d13fb99f7e0b,3,Thor: O Mundo Sombrio (2013),M,H,tt1981115,TRUE
246,1680471827,7ef39174-c29b-4b3a-b2f3-403b53948e61,5,Meu Malvado Favorito (2010),M,H,tt1323594,FALSE
137,1680464481,805f63d0-b754-4c63-bc89-af68acc8a2e6,5,Meu Malvado Favorito (2010),M,H,tt1323594,FALSE
72,1679781675,80a77ef9-4284-4da4-a16a-368b55b85c77,1,A Montanha Sagrada (1973),T,T,,FALSE
3,1680460097,8146755e-6c09-4d9e-9e23-69e6cf2cf940,3,Demônio (2010),T,M,tt1314655,FALSE
98,1680540414,816b95b0-51c3-4c74-bfbb-08cfe7bde3ba,0,Sobrenatural: Capítulo 2 (2013),T,T,tt2226417,FALSE
210,1680469141,817b4ea5-f103-4ef2-bb73-d980c057680f,0,Em Um Mundo Melhor (2010),T,M,tt1340107,FALSE
180,1680466779,81c479dc-5754-4177-bf92-06010677e8c2,5,Como Agarrar Meu Ex-Namorado (2012),T,M,tt1598828,FALSE
114,1680462962,81d7f683-4988-4580-a215-75d5c9c936db,4,Carros (2006),M,H,tt0317219,FALSE
17,1679778370,8242a116-094f-41b4-b401-6618b1d1af2e,2,Como Agarrar Meu Ex-Namorado (2012),T,M,,FALSE
63,1680825913,82621f36-6218-4c54-a958-35be3dc5cb8e,2,Invocação do Mal (2013),T,M,tt1457767,FALSE
18,1679778384,82907c4b-4267-46a0-8ac9-8755d2d2e7b9,1,Meu Malvado Favorito 2 (2013),M,H,,FALSE
243,1680471582,82d2deb1-d5f2-472c-8f14-6bf208e08474,0,Jogos Vorazes: A Esperança - Parte 1 (2014),M,H,tt1951265,FALSE
83,1680462189,83bf451d-2119-4ec7-a643-82ce1def88a6,4,Vidas ao Vento (2013),T,M,tt2013293,FALSE
97,1680540113,84eab669-7755-41e3-8e0d-807342693bb7,3,Invasão à Casa Branca (2013),T,H,tt2302755,FALSE
40,1680461375,852d9d3d-7009-416b-a0d6-77447e6d6f91,3,Ensaio Sobre a Cegueira (2008),T,M,tt0861689,FALSE
102,1680462629,87167877-a78a-49b3-8bad-c62d5787f23a,5,Enrolados (2010),M,H,tt0398286,FALSE
6,1679777939,872dba73-6dc5-432e-a406-556aaea51cd5,2,Ponyo - Uma Amizade que Veio do Mar (2008),T,M,,FALSE
113,1680462871,8741cdde-a25b-4350-b6d5-764aa0798cbf,0,Kick-Ass: Quebrando Tudo (2010),M,M,tt1250777,FALSE
41,1680485146,87d04ee9-abbf-4c8d-bdfd-49f72c61ca94,0,Um Homem de Sorte (2012),T,M,tt1327194,FALSE
3,1680816480,88239dce-a0c0-458c-b9d6-571cfd9d006a,1,Meu Malvado Favorito (2010),M,H,tt1323594,FALSE
28,1680479460,888c3f39-1f30-4cc2-91a6-024847890bf9,4,O Cheiro do Ralo (2006),T,T,tt0489458,FALSE
202,1680467868,896b9fb3-88eb-42cd-84bd-9152682360ea,1,O Doador de Memórias (2014),T,M,tt0435651,FALSE
139,1680464581,89c2f461-48a5-4501-9e4f-344ad35b275f,3,Carros (2006),M,H,tt0317219,FALSE
24,1679778530,89dce7f3-3d1f-4fbd-8de9-040d4594b9c5,2,Demônio (2010),T,M,,FALSE
65,1679781162,8a228fc0-004f-45b9-b07c-0df4323fce69,1,O Diabo Veste Prada (2006),M,M,,FALSE
42,1680822445,8b2023e7-f8b9-449d-8d30-0aa4e4b0020f,2,Caminhos da Floresta (2014),T,M,tt2180411,FALSE
151,1679841816,8c07e3e2-337b-4725-9e8d-79ad90bd1e53,1,Lucy (2014),M,M,,TRUE
55,1680461702,8caa1e0b-d450-4ec9-9524-032dd5783dfa,0,Além da Escuridão - Star Trek (2013),M,H,tt1408101,FALSE
66,1680515336,8cb283ac-99d0-4977-9352-2cc36f49361b,4,Vidas ao Vento (2013),T,M,tt2013293,FALSE
81,1680527242,8cb56450-c992-4f94-b0e3-0461138bb0c4,3,Invocação do Mal (2013),T,M,tt1457767,FALSE
35,1680461285,8d2f0938-8d9b-4b49-a6ed-4f970e451e7d,3,Carandiru (2003),T,T,tt0293007,FALSE
34,1680461270,8d37fc50-2815-47e4-b701-8735f90f09fe,5,Carandiru (2003),T,T,tt0293007,FALSE
29,1680461115,8dbd2949-8f3e-455e-89ae-1a3d62c3736c,4,Lembranças (2010),T,M,tt1403981,TRUE
8,1680817059,8dd72841-00ed-472f-bd4d-555caaeb4eca,1,Harry Potter e o Prisioneiro de Azkaban (2004),M,H,tt0304141,FALSE
37,1680461343,8e17792f-3875-4fe5-8a22-3fe6ec9c4531,3,Um Homem de Sorte (2012),T,M,tt1327194,FALSE
4,1680816537,8e1dfb14-f950-4bc0-9b3a-06c3118bb722,2,Coração de Tinta: O Livro Mágico (2008),T,H,tt0494238,FALSE
7,1680474691,8efb918d-1362-4e35-acba-016d44b75555,0,Invasão à Casa Branca (2013),T,H,tt2302755,FALSE
186,1680466976,8f0f0f71-1dd2-4e59-ae22-ad629189da31,5,"Ela Dança, Eu Danço (2006)",T,M,tt0462590,FALSE
45,1679779916,8f3f2df9-0c33-416a-b3c2-c3558c759a70,2,Carandiru (2003),T,T,,FALSE
54,1680823550,9049a623-495b-46e3-9e99-41fea7ea289a,4,Dirty Dancing: Ritmo Quente (1987),M,M,tt0092890,TRUE
80,1680462102,90564263-e0e5-4548-b875-e3ccb7a50dde,3,Meu Malvado Favorito (2010),M,H,tt1323594,FALSE
47,1680486420,9096afd1-691b-4233-aad2-15eb7579ec1c,5,Invocação do Mal (2013),T,M,tt1457767,FALSE
26,1680461030,91032559-7510-4293-8f5d-707918a96359,3,Gravidade (2013),M,H,tt1454468,FALSE
78,1680523492,916a12dc-1c57-4012-8a95-6221407ee3de,0,Caminhos da Floresta (2014),T,M,tt2180411,FALSE
247,1680471875,9182187a-be50-4362-b450-595745578da3,1,Caminhos da Floresta (2014),T,M,tt2180411,FALSE
75,1680518785,91daf8f7-8bd7-4901-ac4e-08f4010455ec,4,Harry Potter e o Prisioneiro de Azkaban (2004),M,H,tt0304141,TRUE
148,1679838539,9216d40f-7c4e-4b1b-af28-68d1cde9c2fe,1,Wallace & Gromit: A Batalha dos Vegetais (2005),M,M,,FALSE
118,1679796297,93b3f96d-e38a-4e72-91e3-4617e64ea904,1,Emma (1996),M,M,,FALSE
71,1680461948,93ce4de2-482c-41bb-b214-9c1c368201f3,0,Um Homem de Sorte (2012),T,M,tt1327194,FALSE
52,1680823396,9745dc09-4090-46f1-b29f-16e8bc0ad0d5,2,Kung Fu Panda (2008),M,H,tt0441773,FALSE
123,1680463692,97a27e82-7d55-4e64-9103-47e1acc6dd13,5,Harry Potter e o Prisioneiro de Azkaban (2004),M,H,tt0304141,FALSE
20,1680460763,9839a6fb-6948-472d-ae0b-c62960522a9f,4,A Entidade (2012),T,T,tt1922777,FALSE
221,1680469914,98b9f0c1-becf-4698-94e5-f5d91ede842e,3,Jack Reacher: O Último Tiro (2012),T,H,tt0790724,FALSE
53,1680489471,98ec369d-3cc1-48c2-b5ab-9bf483b1155f,0,Emma (1996),M,M,tt0116191,FALSE
65,1680514973,98ff98e9-0065-4479-8655-d503fc54499f,0,O Congresso Futurista (2013),T,M,tt1821641,FALSE
164,1680465883,9920c7c6-d9c6-4f82-8d9d-1efe2798bcfb,4,As Branquelas (2004),T,M,tt0381707,FALSE
64,1680461846,992692d3-9022-470f-8292-c73553be11a5,4,47 Ronins (2013),T,H,tt1335975,FALSE
43,1680461467,992b7d95-c92f-481e-9083-7c5e95a4c857,4,Hércules (1997),M,H,tt0119282,FALSE
200,1680467631,9a1d0fd1-de22-4b60-9971-207bae8c3bc9,3,Um Homem de Sorte (2012),T,M,tt1327194,FALSE
166,1680465921,9ae69848-e595-4280-b8b1-7b560696cbb1,5,Carros (2006),M,H,tt0317219,FALSE
7,1679777941,9b267736-94b7-4e6e-a31b-95945d357b9c,1,Carandiru (2003),T,T,,FALSE
43,1679779712,9b48bf60-8c40-4c51-8bb6-5c5aa94c388b,2,Harry Potter e a Pedra Filosofal (2001),M,H,,TRUE
14,1679778176,9c4fa3ac-38d0-4b63-9d0f-2e74d8453aaa,1,Como Estrelas na Terra (2007),T,T,,TRUE
143,1680464749,9c5c74ac-56c5-4fc8-b2d1-498bb847e804,3,Pinóquio (1940),T,M,tt0255477,FALSE
12,1680460470,9d4c8fa0-773c-4883-8e51-c038de3437b1,0,O Diabo Veste Prada (2006),M,M,tt0458352,FALSE
14,1680818228,9d550ced-f4f3-4390-ba01-f2ae06fdacbd,2,Homem de Ferro 3 (2013),M,H,tt1300854,FALSE
15,1680818285,9d9d8cac-2216-446c-95d2-f09eabd37633,2,O Diabo Veste Prada (2006),M,M,tt0458352,FALSE
1,1680473047,9e81b15a-899a-4274-bc94-7a7af043bb3c,2,Separados Pelo Destino (2010),T,M,tt1393746,TRUE
23,1680819525,9fda0a76-c949-4d5e-8c7c-89a30c29bfba,1,Harry Potter e o Prisioneiro de Azkaban (2004),M,H,tt0304141,TRUE
125,1680463796,a0342189-ca6d-46a6-b2c7-d4241eb13fba,5,Ilha do Medo (2010),M,H,tt1130884,FALSE
105,1679790431,a07a6525-58e1-4e64-8c14-15ebb3e0e228,1,O Diabo Veste Prada (2006),M,M,,FALSE
70,1680516779,a0a8c309-99a6-44c7-91d2-502172f5e9df,0,Água para Elefantes (2011),T,M,tt1067583,FALSE
252,1680472578,a0a9fdfe-c020-44b2-91c5-a9bfd4d1ee77,0,A Proposta (2009),M,M,tt1041829,FALSE
157,1680465661,a0aca24b-7732-449a-aeb1-d57a19d5c87e,4,Kung Fu Panda 2 (2011),T,H,tt1302011,FALSE
69,1680461909,a0c0a6fe-ca11-4776-8565-2a1d18fd4b54,0,Invasão à Casa Branca (2013),T,H,tt2302755,FALSE
45,1680486066,a0e5327d-7b40-4fb7-9f29-b2bc973e682d,5,Uma Linda Mulher (1990),H,M,tt0100405,FALSE
129,1679802851,a0fcfd29-70af-4cda-b831-8a720c1c53d9,2,Shrek para Sempre: O Capítulo Final (2010),T,H,,FALSE
61,1680504867,a16d04ec-3e7d-43d3-afed-c33db706eda0,3,Mulan (1998),T,M,tt1308138,FALSE
38,1680461349,a242db1c-0532-4235-8c42-8455de75bf20,4,Os Mercenários 2 (2012),T,H,tt1764651,FALSE
39,1679779493,a27d2d04-2879-4ae9-916f-dc34c2a3fa90,1,Pelos Olhos de Maisie (2013),T,T,,FALSE
14,1680460522,a357942e-837a-4ef0-aeec-110bce62def4,3,Amor e Outras Drogas (2010),T,M,tt0758752,FALSE
169,1680466065,a40b005f-efe2-4117-b84a-edbe27c71314,1,No Limite do Amanhã (2014),M,H,tt1631867,TRUE
44,1680486049,a41192e6-6d17-4d90-84d8-4f8331e85140,0,As Branquelas (2004),T,M,tt0381707,FALSE
122,1680463470,a4a3835f-1967-48db-82bf-b7b77f65a607,4,A Proposta (2009),M,M,tt1041829,FALSE
156,1680465650,a53806fe-4636-4541-ac44-2d3e74918a27,0,Monstros vs Alienígenas (2009),T,H,tt0892782,FALSE
205,1680468534,a5bb6523-f6f5-42b2-8f8f-5795995445fe,1,Esposa de Mentirinha (2011),T,H,tt1564367,FALSE
244,1680471611,a5bfebfa-0d40-4e2b-9852-04808af90fbd,1,Lore (2012),T,T,tt1996310,FALSE
16,1680476175,a5ed9267-306a-461c-a05e-72571c9842c1,3,Patch Adams: O Amor é Contagioso (1998),M,H,tt0129290,TRUE
72,1680461959,a6a9265c-fee8-49b4-93d6-1f3b690cb693,4,O Mafioso (2011),T,M,tt1416801,FALSE
18,1680818785,a8589adf-4a8c-4556-8d16-13414d6ad1c5,1,Laranja Mecânica (1971),H,M,tt0066921,TRUE
110,1680462730,a94335cb-d7c5-45ce-b5d4-ae4d10716c5e,5,O Aprendiz de Feiticeiro (2010),T,H,tt0963966,FALSE
46,1680486149,aa8c3ba8-9b6f-4d31-b643-4e1f390e5be4,0,Um Porto Seguro (2013),T,M,tt1702439,FALSE
168,1680466021,ab4bad05-2c9e-4861-8298-1bc2bd09b2b1,2,Hotel Transilvânia (2012),T,H,tt0837562,TRUE
111,1680462740,ada12b50-9a0b-42e5-8a89-4185442ed719,3,Amores Expressos (1994),T,T,tt0109424,FALSE
79,1680462100,aeab3ac0-68c6-4e49-a0d2-74f1d80134a4,0,Malévola (2014),T,H,tt1587310,FALSE
56,1680491679,af221659-951a-4aec-9d51-5343e1e51d65,5,Um Homem de Sorte (2012),T,M,tt1327194,FALSE
2,1680816433,af4875c3-fe36-4a71-b557-9d5a69fed498,1,Como Treinar o Seu Dragão (2010),M,H,tt0892769,FALSE
96,1680539811,af4bbfec-6809-4769-ad53-3c0000e3293e,0,Pelos Olhos de Maisie (2013),T,T,tt1932767,FALSE
25,1680820210,af80cdff-0963-4566-8e91-91ff2d7655c8,2,Carandiru (2003),T,T,tt0293007,FALSE
19,1680818788,b044ebee-16ea-4f2f-900f-1ce5611ebb33,2,Kung Fu Panda 2 (2011),T,H,tt1302011,FALSE
38,1680821933,b08d3520-9477-49e1-8e60-f99a70d95e82,5,Thor: O Mundo Sombrio (2013),M,H,tt1981115,FALSE
201,1680467688,b10ee769-d53e-4387-8a5c-62535432fc87,0,Invasão à Casa Branca (2013),T,H,tt2302755,FALSE
151,1680465221,b1b53c6b-426c-4988-a8e6-7baacc270254,5,O Doador de Memórias (2014),T,M,tt0435651,FALSE
50,1680487486,b24ff372-b5d6-452d-9b93-2b74390b9c52,0,Como Treinar o Seu Dragão (2010),M,H,tt0892769,FALSE
108,1680462686,b3344768-7da1-478c-a744-49c2524f5049,4,A Proposta (2009),M,M,tt1041829,FALSE
24,1680478348,b467e207-cd0f-4c7a-8159-50afaa9355ad,3,Mulheres ao Ataque (2014),T,M,tt2203939,FALSE
11,1680460462,b5ffff38-1808-45f7-b389-8dcb4f4f00d7,5,Juntos Pelo Acaso (2010),T,M,tt1055292,FALSE
89,1679784416,b6107668-87b6-4b99-b576-dda0c368f3e7,1,"Se Beber, Não Case! - Parte III (2013)",T,H,,TRUE
116,1680463058,b65f8f9f-0a8a-4bd2-a9af-420990929c11,0,Imagine Eu e Você (2005),T,M,tt0421994,FALSE
131,1679806567,b6751005-2af3-4c54-937f-7df74291fbfe,1,Jack Reacher: O Último Tiro (2012),T,H,,FALSE
83,1679783459,b76c53df-6df6-45f8-acf0-3620bc813a7f,1,Kung Fu Panda (2008),M,H,,FALSE
234,1680470744,b7bab569-958c-4143-b1fa-7f4651d78e5c,3,O Lobo de Wall Street (2013),M,H,tt0993846,FALSE
159,1680465756,b7d0d07f-2396-4926-b085-1022252801bb,3,Um Homem de Sorte (2012),T,M,tt1327194,FALSE
32,1680461164,b89449c6-5993-4d4f-aae6-6fefd95ae6ef,0,Carandiru (2003),T,T,tt0293007,FALSE
28,1679779025,b8a0a0e0-8fe4-4d15-8672-86b03b4f9f50,2,Dias de Glória (2006),T,M,,TRUE
217,1680469742,b8a66e34-d018-4093-a5ef-18f08d22250a,1,Caminhos da Floresta (2014),T,M,tt2180411,FALSE
32,1680480521,b9b314cd-2915-489d-9912-cb2c93f2fd73,4,Kung Fu Panda 2 (2011),T,H,tt1302011,FALSE
250,1680472225,b9da77cc-e5df-4731-9a46-c65de4911ade,0,"Ela Dança, Eu Danço (2006)",T,M,tt0462590,FALSE
21,1680476965,bb6ad28c-e53a-46af-a61f-1706361acc3f,4,Harry Potter e o Enigma do Príncipe (2009),M,H,tt0417741,TRUE
167,1680465953,bc763b68-86e9-4636-bacb-77d92c0c6dba,2,Carandiru (2003),T,T,tt0293007,FALSE
52,1679780107,bd2bac90-64d7-4e15-8eda-d4daaee70733,2,Caminhos da Floresta (2014),T,M,,FALSE
158,1680465746,bd7e3504-73a9-4036-9307-d1e08e6e6625,5,A Proposta (2009),M,M,tt1041829,FALSE
67,1679781272,bd985d65-a4fc-4625-90c6-62da12803a1d,2,Harry Potter e a Pedra Filosofal (2001),M,H,,FALSE
249,1680472220,bdc06a2a-bdea-40a5-be35-5ee901218c9f,5,Invocação do Mal (2013),T,M,tt1457767,FALSE
6,1680460203,bdd722c8-47b1-4cbb-9e6b-14ce172fcad4,3,Patch Adams: O Amor é Contagioso (1998),M,H,tt0129290,TRUE
3,1679777633,bde2c99a-812a-4f53-a181-ce9f2b77d926,1,O Diabo Veste Prada (2006),M,M,,TRUE
61,1680461799,bfefa94b-fb41-494a-903f-3bb3f18fd349,5,Ensaio Sobre a Cegueira (2008),T,M,tt0861689,FALSE
214,1680469324,c093b62b-b165-4f8b-9b77-ebd383090bcd,2,Em Um Mundo Melhor (2010),T,M,tt1340107,FALSE
9,1680474998,c19bf968-ad02-46e3-be4e-00cbc58ab5f7,3,O Diabo Veste Prada (2006),M,M,tt0458352,FALSE
145,1680464915,c237f769-fe69-46a1-b2d7-a4c3e6aef50d,4,O Rei Leão (1994),H,H,tt0110357,FALSE
50,1680823371,c26990c6-9627-4386-977c-ae03dfb68d04,2,Invasão à Casa Branca (2013),T,H,tt2302755,FALSE
96,1680462332,c2e539b2-3407-4a44-8213-de09ca22c7ac,5,Planeta do Tesouro (2002),T,H,tt0133240,FALSE
170,1680466202,c2f927da-496a-4e33-8d06-690518b5e1ed,3,Jogos Letais (2011),T,M,tt1436568,FALSE
149,1680465138,c4004fad-644e-4241-99c2-2b7cd0dcf7cb,2,Procura-se um Amigo para o Fim do Mundo (2012),T,M,tt1307068,FALSE
90,1680532903,c4d7e02a-f9fc-40d4-bfb2-680dfd1d489f,3,Toy Story 2 (1999),M,H,tt0120363,FALSE
134,1680464284,c4ebba85-7f9a-4179-955f-7a5f14d7f05a,3,Em Um Mundo Melhor (2010),T,M,tt1340107,TRUE
135,1680464331,c4f2f4c0-426b-4f80-9dbc-ce3f24c479c5,0,Invocação do Mal (2013),T,M,tt1457767,FALSE
1,1680459941,c4fa48cd-214d-480b-a65d-b521a4f4d0ae,0,C.R.A.Z.Y. - Loucos de Amor (2005),T,T,tt0401085,FALSE
46,1680822676,c56ddc95-3256-44ca-9756-466192ccb441,5,Mulan (1998),M,H,tt0120762,FALSE
67,1680516322,c5d800e7-b766-4f43-8a2f-4a2f6400fdb1,5,A Proposta (2009),M,M,tt1041829,FALSE
32,1680821236,c662a1bf-ed5d-47b3-b167-08e815e8a7f9,2,Um Homem de Sorte (2012),T,M,tt1327194,FALSE
1,1679777520,c6bc3c9d-4ade-47a9-90bd-ce321f3928e8,2,Um Homem de Sorte (2012),T,M,,FALSE
63,1680512835,c6e2f84b-f882-493d-b459-7c9ec2c59cb0,4,As Palavras (2012),T,T,tt1840417,FALSE
73,1680518179,c73dc175-4825-494b-957e-1bce9d71040c,5,Wallace & Gromit: A Batalha dos Vegetais (2005),M,M,tt0312004,FALSE
82,1680462133,c7e35560-e2f0-4358-8519-c691de269e40,3,Velozes & Furiosos 5: Operação Rio (2011),T,H,tt1596343,FALSE
3,1680473429,c7fb6ebe-379b-44e5-896d-f9bd66d7b88c,3,Sabotagem (2014),T,M,tt1742334,FALSE
80,1680526692,c956e96b-a84a-4889-9434-b5a45f5f1489,5,Como Treinar o Seu Dragão (2010),M,H,tt0892769,FALSE
87,1680462240,c9673434-93be-4bc4-a78f-753b815d3bc2,4,Invasão à Casa Branca (2013),T,H,tt2302755,FALSE
187,1680467143,c96b2053-4a1e-4eb7-a352-929737d192b3,0,Juntos Pelo Acaso (2010),T,M,tt1055292,FALSE
16,1680460589,ca81f961-ef4b-4fdc-919f-66cd43a560f6,3,Enquanto Você Dormia (1995),M,M,tt0114924,FALSE
142,1679831487,cac9f63b-50af-49e4-b028-76f2d8181dc2,2,Jack Reacher: O Último Tiro (2012),T,H,,FALSE
37,1680482296,cbb8548d-52c0-4b86-b39c-9b20c85e1fa0,0,O Discurso do Rei (2010),M,M,tt1504320,FALSE
127,1679801653,ccaa0ec7-3c35-4ebd-9120-83a52e7c2cf9,1,Um Homem de Sorte (2012),T,M,,FALSE
10,1680817575,ccab26c5-92fb-4aae-8dec-6ba2b7d12ec3,1,Como Treinar o Seu Dragão (2010),M,H,tt0892769,FALSE
176,1680466421,ccd84cb5-13fc-42b8-8475-c83afae99c3d,1,Psicose (1960),M,M,tt0054215,TRUE
64,1680513396,cda9a010-7d21-419a-8769-63f2a669b7e4,5,Kung Fu Panda 2 (2011),T,H,tt1302011,FALSE
62,1680511472,cdf0720b-a3fc-4459-8e49-8904ae4c19d6,3,Thor: O Mundo Sombrio (2013),M,H,tt1981115,FALSE
20,1680476846,ce2dbc78-52c3-4ec5-9e93-2b9fea46617e,5,Carandiru (2003),T,T,tt0293007,FALSE
198,1680467589,ce5bf1dc-15ac-41b7-a3ae-100a3bebfb6e,0,Muito Barulho Por Nada (1993),M,M,tt0107616,FALSE
13,1680475655,ce7c1b76-63b5-4890-81a6-b29a9ab99432,0,O Senhor das Armas (2005),M,H,tt0399295,FALSE
1,1680816240,ceb4cc16-6ac9-47ce-b4e1-136ef1cb7cc7,3,Dias de Glória (2006),T,M,tt0444182,FALSE
126,1680463816,cf6118f0-6e50-434c-8ad4-8d2540d615d2,0,Patch Adams: O Amor é Contagioso (1998),M,H,tt0129290,FALSE
216,1680469698,cf6b9c28-58f2-4a02-a19e-00d3d1fff6a4,2,Invasão à Casa Branca (2013),T,H,tt2302755,FALSE
79,1679782173,cf7a46d0-8a58-4577-84a4-bd94c22e2106,1,Diário de uma Paixão (2004),M,M,,FALSE
78,1680462074,cfc2e0e6-d4aa-4c8a-8761-8ac989736496,4,Um Sonho Possível (2009),M,M,tt0878804,FALSE
60,1680499540,d03dba6d-266b-41e6-a166-c1659015d6f8,4,Sobrenatural: Capítulo 2 (2013),T,T,tt2226417,FALSE
155,1679845575,d1791678-d227-49d5-a4c5-5cb59153e1a2,2,Kung Fu Panda 2 (2011),T,H,,FALSE
189,1680467209,d1bebf86-25cb-444c-8d9e-4f1ed77da56f,5,A Hospedeira (2013),T,M,tt1517260,FALSE
158,1679855601,d1ff42e9-487b-42eb-8276-3197e42285f4,2,Invasão à Casa Branca (2013),T,H,,TRUE
36,1679779431,d21803a4-7122-4082-9fb5-9d852beee96e,2,Pelos Olhos de Maisie (2013),T,T,,FALSE
7,1680817012,d23ba071-d1f3-4e86-8f82-0cdd796b0841,2,Demônio (2010),T,M,tt1314655,FALSE
219,1680469885,d28e21b4-b5ce-4bbf-92ee-1108751f78e1,4,Meu Malvado Favorito (2010),M,H,tt1323594,FALSE
30,1680821038,d2a95a47-16c9-4f7c-ba6f-87239681f011,1,Ruína Azul (2014),T,T,tt2359024,FALSE
71,1680517568,d2b2da47-bef4-45a7-8109-3aa215894dd8,4,Mulan (1998),M,H,tt0120762,FALSE
231,1680470558,d2bfb344-e181-43bb-aa5e-6268c6eeff3d,1,Caminhos da Floresta (2014),T,M,tt2180411,FALSE
35,1680821547,d3ac8282-9aeb-4793-a81f-cd70087c65e0,4,Mulheres ao Ataque (2014),T,M,tt2203939,TRUE
59,1680461772,d7a4530b-99e7-4c51-8be3-83fc5ddb490a,4,Invocação do Mal (2013),T,M,tt1457767,FALSE
94,1679786204,d9c592e1-2dbf-4e94-9189-8bd87619f92d,2,Coração de Tinta: O Livro Mágico (2008),T,H,,FALSE
16,1680818382,d9e9b283-d8b1-4bf1-844d-d74c8368fa8b,1,Velozes & Furiosos 5: Operação Rio (2011),T,H,tt1596343,FALSE
14,1680475811,da3344aa-ab69-44df-812d-bda26008a24f,5,Guardiões da Galáxia (2014),M,H,tt2015381,FALSE
17,1680460681,dc7936ab-92e6-42b2-9404-5dc0fb28ec4f,0,Minority Report: A Nova Lei (2002),H,H,tt0181689,FALSE
48,1679780031,dd7de6ff-2f07-489a-a391-0ad7d8ec2dbe,1,Scott Pilgrim Contra o Mundo (2010),M,H,,FALSE
112,1680462772,dda4448c-515f-4223-bc78-f8f4cf897653,4,A Entidade (2012),T,T,tt1922777,TRUE
181,1680466820,deaa1f5e-bbab-4925-8d8d-b124d7c6d507,4,Toy Story 2 (1999),M,H,tt0120363,FALSE
121,1680463373,deb78a82-0da2-4cbf-aa32-0f482c75db37,4,Mulheres ao Ataque (2014),T,M,tt2203939,FALSE
77,1679781792,e06cf2d3-a5a8-4c8a-ac52-823c0babd502,2,Como Treinar o Seu Dragão (2010),M,H,,FALSE
94,1680535170,e086d2d1-9652-4ae0-81cc-c5c44eed79f2,0,Um Homem de Sorte (2012),T,M,tt1327194,FALSE
118,1680463193,e0f26053-5128-4b75-b4b7-eed4ae8dc2e5,3,Invocação do Mal (2013),T,M,tt1457767,FALSE
60,1679780601,e14c1885-1f6a-4eca-91a1-e8cab4f095c1,1,Kung Fu Panda (2008),M,H,,FALSE
26,1680478683,e18abfed-6f63-4e74-8e9f-907868b91fc0,3,As Palavras (2012),T,T,tt1840417,TRUE
241,1680471400,e1911662-9dc5-481f-a5fd-4d2a6b6662f1,4,Coração de Tinta: O Livro Mágico (2008),T,H,tt0494238,FALSE
127,1680463827,e1c20233-5555-4ebf-aa37-8c899cd64132,3,Em Um Mundo Melhor (2010),T,M,tt1340107,FALSE
101,1680544329,e22e6ca0-aca2-48e6-92a4-07203591f266,0,Meu Amigo Totoro (1988),M,M,tt0096283,FALSE
190,1680467345,e2752eff-13af-45c4-b480-e1081a59d88a,2,Lore (2012),T,T,tt1996310,FALSE
26,1680820248,e3337b32-9857-4905-9547-faa731756360,2,Esposa de Mentirinha (2011),T,H,tt1564367,FALSE
6,1680816887,e336a2ff-3d27-441d-893e-7d2af1b5403f,1,O Grande Hotel Budapeste (2014),M,M,tt2278388,FALSE
48,1680461557,e34811b6-ccf2-4fe7-813d-7c5694ef3d49,5,As Palavras (2012),T,T,tt1840417,FALSE
215,1680469681,e3e8799a-8e4d-4cf7-b92c-62888fb12824,0,Jack Reacher: O Último Tiro (2012),T,H,tt0790724,FALSE
100,1680543495,e4197105-ac90-4cab-8562-e2916a1a2cb3,5,Enrolados (2010),M,H,tt0398286,FALSE
131,1680464109,e49b4889-78b6-41be-9924-0a8f581e4bc3,4,Velozes & Furiosos 5: Operação Rio (2011),T,H,tt1596343,FALSE
57,1680493470,e4aa1f24-166f-488a-8bcb-f7239ee58c86,4,Os Três Mosqueteiros (1993),T,M,tt0040876,FALSE
41,1680461392,e4c6c5b5-748a-40b1-8b3c-8c91dd1b43c7,0,Juntos Pelo Acaso (2010),T,M,tt1055292,FALSE
120,1680463371,e4e2939f-c1f7-4fcf-a2b8-77b6f976884d,5,Carandiru (2003),T,T,tt0293007,FALSE
140,1680464612,e55c9213-ca7d-4001-a443-8ac0427e0323,5,Coincidências do Amor (2010),T,M,tt0889573,FALSE
19,1680460759,e67ad43b-d842-4817-9a59-f4f8c71c55aa,3,A Era do Gelo 2 (2006),M,H,tt0438097,FALSE
146,1680464939,e740aebb-cba5-49bb-b7f5-bc10b89d832d,3,Invocação do Mal (2013),T,M,tt1457767,FALSE
197,1680467576,e773f9c0-976f-4232-aa00-639eef0acbfe,4,Um Homem de Sorte (2012),T,M,tt1327194,FALSE
192,1680467421,e881e24f-89ef-4b65-929d-a99777fb7462,2,A Verdade Nua e Crua (2009),T,M,tt1142988,TRUE
49,1680823003,e882bb3e-daf4-4498-ae68-a4bbdc531a35,5,Os Miseráveis (2012),T,H,tt1707386,FALSE
161,1680465803,e9226fab-1196-4afb-97b0-b33a78aae387,0,Os Sem-Floresta (2006),T,H,tt0327084,FALSE
5,1680816632,e945a3e0-a0eb-4122-a5f2-3e9d5affcadf,1,Invasão à Casa Branca (2013),T,H,tt2302755,FALSE
222,1680469945,e95cf640-39be-444f-a49e-1085b3e140ee,1,Velozes & Furiosos 6 (2013),T,H,tt1905041,FALSE
17,1680818671,ea2e617d-6a5f-459c-8cb5-7289d11fbc63,1,Scott Pilgrim Contra o Mundo (2010),M,H,tt0446029,FALSE
107,1679791216,eae95567-02eb-46c4-98f8-48e9f332bc2e,2,Invasão à Casa Branca (2013),T,H,,FALSE
55,1680490945,eb2418dd-214e-4e7c-b32d-f344a0949122,3,Harry Potter e as Relíquias da Morte - Parte 2 (2011),M,H,tt1201607,TRUE
48,1680822845,ec0784c2-4eaf-4811-9d4c-92a7c3e7e0b4,2,As Branquelas (2004),T,M,tt0381707,FALSE
72,1680517794,eca46086-e617-4024-bada-e697973ce9c7,3,Mulan (1998),T,M,tt1308138,FALSE
65,1680834385,ecafa4e8-1fce-481e-b806-ec63ff4fde75,3,No Cair da Noite (2003),T,M,tt0282209,TRUE
85,1680462225,edd52787-03dc-4b5c-a2d6-22aa4cfdd9c8,3,Meu Malvado Favorito (2010),M,H,tt1323594,FALSE
51,1680487579,ee271f45-e731-4238-8395-cfb971c22867,3,Patch Adams: O Amor é Contagioso (1998),M,H,tt0129290,FALSE
81,1680462103,ee276b94-a56c-42a4-8967-eff91562d619,3,As Branquelas (2004),T,M,tt0381707,FALSE
206,1680468806,ee877b76-3559-4d9c-9dfc-cbbfa787eea8,4,A Série Divergente: Insurgente (2015),T,H,tt2908446,TRUE
35,1680481898,ee88d150-063a-4317-b7f7-27099dbe7be5,4,Meu Malvado Favorito (2010),M,H,tt1323594,FALSE
42,1680461425,eede38eb-e8af-400b-aa9e-3c5112eb992a,4,Invocação do Mal (2013),T,M,tt1457767,FALSE
18,1680476594,ef1dec9d-5243-4c1f-abeb-89f023784d8a,4,Coração de Tinta: O Livro Mágico (2008),T,H,tt0494238,FALSE
245,1680471633,f005fb43-95ec-47e6-aa5f-0e4db6ce2df2,2,As Branquelas (2004),T,M,tt0381707,FALSE
30,1680479905,f147aeb3-8575-48e3-a2a1-317c006176ea,5,60 Segundos (2000),M,H,tt0187078,FALSE
95,1680462307,f17adced-df35-453f-847b-004df119d88f,0,Anna Karenina (2012),T,M,tt1781769,FALSE
36,1680481941,f1dabcde-01c9-4c06-ac1c-4ac41a73681c,5,Meu Malvado Favorito 2 (2013),M,H,tt1690953,FALSE
147,1680465078,f206c24c-c8ec-4248-8aec-80c84c1cd2b9,0,Juntos Pelo Acaso (2010),T,M,tt1055292,FALSE
92,1680462274,f214a0da-73b8-4cce-9320-b56dd8f5bfbc,5,A Era do Gelo 2 (2006),M,H,tt0438097,FALSE
90,1680462249,f234048d-1516-4bf8-a15b-9fc2c7cd8ff2,4,As Palavras (2012),T,T,tt1840417,FALSE
43,1680822479,f24cac37-b751-4502-8c79-45372513f88c,2,Amor e Outras Drogas (2010),T,M,tt0758752,TRUE
39,1680483281,f365b24b-9aef-4556-b1a6-98bd9365049d,5,Planeta do Tesouro (2002),T,H,tt0133240,FALSE
55,1679780440,f39c29dc-7bc4-40b8-b741-e98565fd338f,1,Patch Adams: O Amor é Contagioso (1998),M,H,,FALSE
238,1680471104,f4404c46-ffd3-43eb-abf5-be7ae7bb3748,2,Mulheres ao Ataque (2014),T,M,tt2203939,TRUE
236,1680470856,f4498d49-690c-4ac6-b23e-f3d82cce3784,0,Brazil: O Filme (1985),M,M,tt0088846,FALSE
90,1679785063,f50405e4-d718-48e2-b3b7-63504cfc105f,2,C.R.A.Z.Y. - Loucos de Amor (2005),T,T,,FALSE
56,1680823778,f5d201b1-3ff9-40cf-9971-77b3f6c815bd,1,Detona Ralph (2012),M,H,tt1772341,FALSE
30,1679779233,f661ee33-2f86-4c93-9e20-e0c5b83735b1,1,Dois Velhos Mais Rabugentos (1995),M,M,,FALSE
10,1680475318,f7ac099d-9348-4da5-bc30-0f7cf02dbc29,4,A Entidade (2012),T,T,tt1922777,TRUE
119,1680463344,f7e5ffe7-c959-4cab-bf21-8b0611bc6a00,5,O Senhor dos Anéis: A Sociedade do Anel (2001),H,H,tt0120737,FALSE
195,1680467545,f958d71f-bb34-4361-8fa5-b34101347d7c,5,A Proposta (2009),M,M,tt1041829,FALSE
93,1680462289,f96a4166-51de-431c-8826-9f266f2d687a,3,A Fogueira das Vaidades (1990),T,H,tt0099165,FALSE
29,1679779207,f97adbc2-cd4f-4aa3-a015-630d215a8f67,2,Mulheres ao Ataque (2014),T,M,,FALSE
199,1680467609,fac1b9ce-f686-4477-a665-dc05f7b31e9d,1,Juntos e Misturados (2014),T,M,tt1086772,FALSE
25,1679778800,fad8ff3b-577c-43b3-96ed-08a7612d5156,1,Guardiões da Galáxia (2014),M,H,,FALSE
39,1680822186,fb1c49b2-29b2-4279-aac5-52e0722ead0e,1,Carros (2006),M,H,tt0317219,FALSE
160,1679860470,fba51864-6819-4c43-bc7c-91ac12ac9c88,1,Como Agarrar Meu Ex-Namorado (2012),T,M,,TRUE
27,1680461040,fbf3dd8b-e0a9-443e-9cc5-468816f13e15,4,As Palavras (2012),T,T,tt1840417,TRUE
232,1680470559,fca8c90d-ec04-4ea0-af57-3f8dc9baa8a4,2,Malévola (2014),T,H,tt1587310,FALSE
88,1679784350,fcd1939f-5daf-4ed7-adc8-ea3368ff1d69,2,Armadura de Deus (1986),T,M,,FALSE
179,1680466682,fcf60061-94bf-4c81-91aa-be4830968b3b,0,As Palavras (2012),T,T,tt1840417,FALSE
40,1680483992,fe165050-2c64-424f-aef4-d7de3b87a58c,4,Invocação do Mal (2013),T,M,tt1457767,FALSE
208,1680468926,fe6f3ca4-088f-4a1c-b678-b0e250c6259c,3,Separados Pelo Destino (2010),T,M,tt1393746,FALSE