User,I consider myself a movie enthusiast,Group,is_CS,Q1,Q2,Q3,Q4,Q5,Q6,Q7,Q8,Q9,Q10,Q11,Q12,Q13,Q14,Q15,Q16,Q17
05a2cbe2-0499-4943-b610-4abb89e12331,1,0,FALSE,6,6,5,7,7,7,7,7,5,4,4,6,6,7,As recomendações foram totalmente justas. 90% dos filmes que eu gosto.,7,6
1fb71738-4769-48bf-a8dd-5ab4d9ba7fed,1,0,FALSE,6,6,1,6,3,7,4,5,5,6,4,6,7,7,Quando se basei em poucas opções para recomendar se torna injusto,7,7
502f6d52-8e99-4505-9447-5eb35a651e88,1,0,FALSE,4,3,3,2,7,7,7,6,5,6,7,4,3,4,Não sei,4,7
445650d6-951c-49a8-a454-fd2a96e24bc8,1,1,FALSE,7,7,7,7,7,7,6,7,5,6,7,7,7,7,"Consideraria injustas se levassem em conta algum tipo de patrocínio que desse preferência para algumas opções de filmes, pois isso levaria os mais ""ricos"" a terem mais chances de serem assistidos.",7,7
ae6068ce-9e64-4a0a-ab9c-3423e40fdf42,1,1,FALSE,6,6,7,7,7,6,7,7,5,7,5,6,6,6,Seria injusto se eu mencionasse um gênero e o sistema me sugerisse filmes de gêneros muito diferente.,7,7
0376425f-af2b-4d4e-a185-1bfb57ed77f4,1,2,FALSE,3,2,1,1,4,3,5,1,5,3,4,3,4,5,"Percebi que a maioria das indicações fugiu um pouco dos temas que selecionei. Então a recomendação foi injusta uma vez que foi difícil escolher entre os filmes selecionados. Porém, quando essa recomendação se encaixa os gêneros escolhidos, seria perfeito.",5,5
2e04f0fb-baf9-4084-a70a-fa007ea1ba10,1,2,FALSE,6,7,3,7,6,7,7,6,5,6,5,6,7,7,É complicado mas acredito que seria injusto se fosse levado em conta popularidade em redes sociais ou bilheterias ou o que esteja na moda.,7,7
5a3ee1d8-c08d-49de-97c4-5434c97d0ff8,1,2,FALSE,5,3,6,5,6,3,7,7,5,5,3,6,5,5,"Acredito que as recomendações se tornam justas quando pesquisamos sobre um determinado assunto e automaticamente entra uma propaganda sobre um filme com tema parecido, o que nos ajuda a lembrar para assistirmos",5,6
b5baabc6-462e-47a1-ab07-2de547bc2e37,1,2,FALSE,6,6,1,6,4,7,7,7,5,6,4,7,7,7,"Levando em consideração os algoritmos dessa pesquisa achei justa, as recomendações são de filmes que gosto muito, e lendo em consideração o filme que selecinei acho q vou gostar muito. Agr falando de outros muitas vezes deixa a desejar pois os filmes que eles mostram a maioria das vezes nao tem nada haver cmg",7,7
c22a67b8-e7e8-4c9b-a431-f18f0b34e3eb,1,2,TRUE,6,6,1,5,7,5,6,6,5,4,4,5,5,1,"Acho que uma recomendação de um filme anterior de uma saga quando o sistema sabe que os próximos já foram vistos pelo usuário não seria uma recomendação justa.
 Além disso, recomendar muito do mesmo gênero ou saga que o sistema sabe que o usuário consome ou gosta mais nem sempre pode ser justo, visto que o usuário às vezes quer ver algo novo mas que ainda agrade seus gostos.",7,7
fe38539b-559a-475c-967f-29ef6f1ba2ed,1,2,FALSE,6,6,6,7,7,3,7,6,5,2,4,6,7,7,"Justa por que me indica filmes que geralmente vou gostar ou vou querer assistir.
 
 Injusta por que algumas vezes gostaria de descobrir algo novo e sempre são recomendados os mesmos estilos.",6,6
edd8313f-1e67-4c5f-8a21-8edb09905df7,1,4,FALSE,6,6,7,6,7,6,6,6,5,4,3,4,5,5,"Percebi muitos filmes populares que já estão bem visíveis para mídia o que acaba sendo injusto, em contra partida foram recomendados filmes que nunca tinhas visto ( em menor número).",7,7
171dfaeb-9fd3-4591-82a7-75cc3f83717b,1,5,TRUE,6,7,4,7,7,6,7,6,5,7,4,5,6,7,"Em minha opinião, recomendações justas são quando filmes de baixo orçamento e baixa popularidade tenham a devida chance de serem recomendadas pelo recomendador. Assim, não recomendando apenas filmes com muitas avaliações",7,7
2f5da543-4bdc-4363-9e48-8d58e5159968,1,5,FALSE,4,1,1,4,3,6,7,4,5,6,1,3,4,1,Filmes que estão fora do Padrão familiar,5,4
a393aba5-afb8-462e-a4ca-f661c8fe88a9,1,5,FALSE,6,4,7,1,4,3,7,7,5,5,2,4,4,4,Não sei,7,7
28e8842b-f19f-4966-8cc1-5b51cbd7a657,2,0,FALSE,6,6,5,7,3,6,7,6,5,6,6,6,6,6,Todas foram justas.,7,7
1aa22b1d-85f1-463b-a36c-a78e8142d110,2,1,TRUE,6,5,6,5,5,7,6,7,5,7,6,5,6,5,"Considero justo a recomendação de filmes que tenham características parecidas com as de minha preferência, mas que sugere filme não tão famosos ou de baixo orçamento.",7,7
5ded4c4e-8273-4228-8d3a-044852bb4f29,2,2,FALSE,6,6,1,7,7,7,4,6,5,7,4,4,4,6,"A seleção foi de acordo com os filmes que a avaliei, mas da seleção apenas 2 não me lembro de ter assistido, então acho que faltou novidade, considerando principalmente que alguns deles inclusive era sequência dos avaliados.",7,7
7d46e95b-ee26-4411-ae86-8ff0512a3cc3,2,2,FALSE,6,7,7,7,6,7,7,7,5,6,4,6,7,7,"São injustas quando indicam algo totalmente fora do seu gosto, pois se damos informações queremos ver o que combina.",3,7
8a31a461-251b-46ec-8edc-bf6aaf907ed7,2,2,FALSE,5,5,3,6,7,7,7,7,5,6,4,5,5,3,"As recomendações foram justas dentro do minúsculo campo utilizado na pesquisa. Existiam poucas opções/variedades, o que fez parecer que a IA apenas selecionou gêneros parecidos com os que marquei mais estrelas. 
 Acredito que seria melhor avaliado em um campo mais amplo que este.",6,7
0b3a1aa7-cf97-4ac3-bad7-1d008786c712,2,3,FALSE,5,4,3,4,6,6,5,5,5,7,2,4,4,3,"Justa, por exemplo um autor específico o mesmo em todas as opções apresentadas",5,6
5afd1ac9-cb0c-4892-8ba7-c88115e40bc2,2,3,FALSE,6,6,5,6,7,6,5,6,5,4,3,5,5,5,Não sei responder esta pergunta.,6,6
68ffcea8-ec87-4c8e-b6cd-6327e268dabc,2,3,FALSE,4,2,1,2,1,5,6,4,5,6,7,3,3,1,"Justa no quesito animação e comédia romântica.
 Injusta por ser indicar filmes dos quais nem ouvi falar.",5,5
c3f05014-0e27-4bad-8872-ff5aae632786,2,3,FALSE,7,6,4,3,4,5,6,6,5,6,4,6,6,6,"Admito que achei a questão difícil para decidir o que escrever. 
 Talvez injustas aquelas que foram muito divulgadas ou são de grandes estúdios. Que acabam sendo muito presentes nas redes sociais, como tt e hashtags.
 Justa talvez se forem avaliadas por rankings que classificam de forma não anônima e então não serão vítimas de haters.",6,6
0a7a41cf-fffd-4b1f-944e-61df80029adf,2,4,FALSE,1,1,6,2,4,1,6,6,5,2,4,2,2,2,"O sistema me deu poucas opções de escolha e algumas das sugestões de filme eu não conhecia nem de ouvir falar. Há pouca aba de pesquisa sobre os filmes que já assistimos, prs escolher melhor algo que mais se adeque ao meu gosto",6,6
2c052b1f-0997-483c-8ea4-613e3e3f5e45,2,5,FALSE,6,6,3,7,6,7,7,7,5,6,5,6,7,7,"Justas, quando estou está sem ideia do que assistir. Esse sistema pode ajudar bastante",7,6
362b46c7-7bc5-4967-a606-2aebe799ac90,2,5,FALSE,6,6,7,6,7,2,7,7,5,4,2,6,7,6,"Seria injusto se as recomendações não me dessem a chance de conhecer novos filmes e gêneros baseados nos que já gosto, deixando boas opções de lado por conta de avaliações em um mesmo gênero, por exemplo, quando sou aberta a novas sugestões. A situação contrária seria justa, entregando uma vasta opção de gêneros para o usuário em busca de aumentar seu conhecimento cinematográfico e lhe dar opção de expandir seu horizonte.",7,7
3f78614a-2b9e-4803-bbe5-d11288678088,2,5,FALSE,5,2,4,5,5,6,4,5,5,7,6,4,4,2,"Não existe recomendação injusta, mas tinham poucos filmes pra avaliar, o q causou uma mudança nos recomendados.",5,5
7431018c-82e5-4254-a676-79befaf94c2b,2,5,TRUE,6,6,5,4,4,2,7,7,5,6,3,7,7,7,"Em nenhum caso, pois por mais que não seja uma ""boa"" recomendação, a decisão de assistir cabe apenas ao usuário!",7,7
9fb6ebbd-20db-4af4-b80f-7db69f2ec470,3,0,FALSE,6,7,7,7,5,6,7,7,5,7,2,7,7,6,As recomendações foi de acordo com os temas que eu gosto.,6,6
2883749d-1cce-46f1-b437-35de0652ce41,3,1,FALSE,6,3,6,4,3,3,6,6,5,3,2,5,4,5,"Para mim todas recomendações que envolvem arte ou cultura são justa, mesmo que não seja totalmente do seu gosto. Pois ela pode te levar a conhecer algo novo e diferente se vc se abrir a indicação feita a vc.
 Sendo assim eu nunca consideraria uma indicação de filme injusta.",7,6
361a7ba1-77a0-442c-95fd-59e25ddacaf8,3,1,FALSE,2,1,3,1,6,5,3,3,5,3,4,3,3,1,",",6,5
7c127d77-3f0b-4d9f-b5df-53be60dab27b,3,1,FALSE,6,5,6,2,6,3,6,7,5,5,4,5,6,6,Quando realmente são recomendação de coisas que eu gosto,7,7
7c138c87-2923-46c7-a16e-79bd4202e36a,3,2,FALSE,6,6,3,7,6,7,5,7,5,6,3,6,7,7,"Acho injusto recomendar as sequências, normalmente quando assistimos o primeiro já vimos a sequência também aí acaba que o aplicativo não ajuda.
 E acho super justo recomendar filmes do mesmo ator ou diretor, isso é super útil.",7,7
1416a2eb-3e93-4ded-8f5f-223ebca2356a,3,3,FALSE,7,6,1,5,4,5,7,7,5,5,4,6,6,6,"Dependo de como utilizam o algoritmo será injusto aqueles que favorecem filmes em alta que na verdade não vai tanto pelo gosto da pessoa mais sim pela procura em massa. Justo quando acabam selecionando por categorias, dando um caminho a se seguir no meio de tantos.",7,7
8dca6a1e-cb2b-4347-abf1-058c1d28bba9,3,3,FALSE,5,6,4,7,4,6,7,7,5,7,4,5,6,4,"Injusta se o algoritmo selecionasse e recomendasse apenas filmes de maior relevância e popularidade dentre as críticas, o que faria com que as menores produções, que naturalmente já possuem menor visibilidade, continuassem no mesmo patamar.",7,7
a41a8bc3-e6b8-4a5b-b1ba-8c859118fce9,3,3,FALSE,6,6,6,5,6,7,6,7,5,5,5,6,6,6,Pela avaliação de outras pessoas que assistiram,5,6
a96cf29f-3bfe-411f-a704-0f7d108bb93a,3,3,TRUE,5,5,4,6,5,5,6,6,5,5,6,5,6,6,"Imagino que o argumento da mídia em relação a ser injusto, é o fato de uma pessoa que está em uma 'bolha"" continuará nela devido ao algoritmo buscar sempre a eficiência nas recomendações. Concordo em partes com isso, imagino que uma maneira de se diminuir esse efeito seria recomendação de filmes com gêneros e orçamento distintos dos que a pessoa está acostumada, dessa forma um novo interesse pode surgir. Quanto as recomendações que vcs fizeram, acabou que não ficou tão preciso pois eu não conhecia muito dos filmes da amostragem inicial, portanto imagino que meu perfil não tenha ficado tão preciso.",6,6
fa5549b4-621e-4299-9219-256216a72fbf,3,3,FALSE,5,3,3,3,5,3,5,5,5,5,3,5,5,5,Não achei injusta. Foi baseado no que assisti anteriormente,5,5
2bc53d92-3fc4-462e-b975-67b300fa953a,3,4,TRUE,6,6,5,7,7,7,7,7,5,7,7,6,7,6,"Em geral, a justiça do algoritmo no contexto da recomendação de filmes poderia estar associado a vieses e a itens “inválidos” de acordo com a sociedade local.",7,7
63ebfc2a-cfb3-47cd-a2dc-669538a8c4a9,3,4,FALSE,5,6,7,1,6,6,7,7,5,7,3,6,4,7,"Injustas no sentido de que se eu prefiro filmes mais novos, é ""injusto"" a recomendação de filmes mais antigos.",7,7
7891e525-cc08-477e-9b5b-d9465bb4ba27,3,4,FALSE,7,7,6,7,7,7,6,5,5,7,4,7,7,7,Caso recomendasse um filme totalmente diferente do gênero que a pessoa mais assiste,5,7
cdca9c48-7983-4327-b3f8-437093102dd6,3,4,TRUE,6,6,7,7,7,7,7,6,5,7,6,6,6,6,"Recomendação de itens fortemente relacionada a popularidade, avaliações ou orçamento prejudica a visibilidade (justiça) de itens com menor expressividade nesses aspectos",7,7
49710f55-e4b4-4e06-bf73-50e6966072db,4,0,FALSE,7,7,7,7,7,7,7,7,5,5,5,7,7,7,Em casos injustos seria basear sugestões com apenas a escolha de um filme ou gênero.,7,7
81b25da4-57b3-45af-bea1-15081f21e5e0,4,0,FALSE,6,5,4,2,6,7,7,7,5,5,5,7,7,4,"Não achei as recomendações injustas, achei bem pertinentes. Porém poderia apresentar mais opções, 70% eu já havia assistido.",7,7
a2642220-dca3-4180-a068-c1e87c37609f,4,0,FALSE,7,7,6,6,5,7,7,7,5,7,5,7,7,7,"Considero justas quando me apresentam sequências de filme que ainda não assisti.
 Injustas quando não me apresentam filmes muito bons por estarem fora do que foi definido como minha preferência.",7,7
c0fc6226-12e0-4777-8b74-e0b3fe8af6b2,4,0,FALSE,6,6,3,7,7,7,7,6,5,7,4,7,6,7,"Dependendo dos termos indexados relacionados aos filmes, algumas sugestões poderiam ser injustas, se nesse caso o termo (ou termos) em questão esteja em desacordo com a proposta do filme. Nesse caso específico a recomendação não seria satisfatória, e do mesmo modo, se os indexadores estiverem em acordo com a proposta do filme, seria uma recomendação justa. 
 
 *Muito interessante a proposta de pesquisa e objeto de estudo!",7,7
e16fc16a-6144-4723-9d68-19631306f8d0,4,0,FALSE,2,1,3,1,4,3,6,2,5,5,5,2,4,5,"Não acredito que foi injusto mas, o algoritmo não recomendou filmes bons",7,7
e5590a79-8c30-4697-b019-ec36dcd7cfd2,4,0,FALSE,5,5,4,7,6,7,6,6,5,7,5,6,6,6,"As recomendações são justas quando oferecem opções condizentes com o gosto demonstrado, se tornam injustas quando se distanciam demais e não atendem ao seu propósito",6,6
27eb2741-3fa5-4608-9f8a-c1d436050284,4,1,FALSE,5,7,5,7,7,7,7,7,5,4,2,6,6,7,Acredito que todas as recomendações foram justas e de acordo com o meu gosto pessoal ao avaliar.,7,7
41d21feb-da90-401c-aa32-b27c29c74c2c,4,1,FALSE,6,6,4,5,5,6,7,7,5,7,4,6,4,6,"Acredito que é justo as sugestões baseados no que vimos, mostrando opções semelhantes e nós dando melhor tempo para achar algo que gostamos.
 Não vejo nada injusto, sendo dado a opção de forma a filmes baseados no que já vimos.",7,7
5177a87e-ff4e-4417-9f03-ca6062a8d700,4,1,FALSE,6,4,5,3,4,6,5,6,5,3,4,5,5,5,As recomendações foram justas baseadas nas minhas escolhas,6,7
8cb03397-edc8-43dc-a0f7-55c73053b26f,4,1,FALSE,4,3,2,2,5,6,7,7,5,5,6,5,4,7,Quando não há popularidade e conteúdo que possa contribuir para aprendizado e reflexão.,7,7
ae6a45ae-0cf3-4c35-8be1-876cd1e9fd30,4,1,FALSE,6,5,2,3,4,7,7,6,5,6,6,6,6,5,"Tudo depende do que me for recomendado, se não tiver nada a haver com meu gosto ou com que eu estava pedindo não vou gostar, mas se for um filme que não conheço mas que esta dentro dos gêneros que eu gosto não vejo problema.",7,6
b685a0c2-316f-4a25-9671-0db0dcc6786b,4,1,TRUE,6,5,1,1,5,6,7,7,5,6,6,5,6,6,"No caso em que fosse recomendado filmes de gêneros no qual a pessoa não gosta seria injusto.
 No caso em que fosse recomendado filmes que tem estilo parecido com os que ela escolheu seria justo",7,7
dcd81319-43cb-4103-9eaa-27a45a477a96,4,1,FALSE,6,6,7,5,7,3,7,7,5,6,5,7,7,7,Não sei,7,7
ee25ded1-2729-45f9-8510-7180a78899f3,4,1,FALSE,6,6,6,6,5,7,7,7,5,6,4,4,5,5,Algo que não esta ligado ao que a pessoa escolheu de fato,4,4
fe3fb1a0-d6bc-4915-abdc-79bff4961b09,4,1,FALSE,6,6,1,6,4,7,7,7,5,7,1,4,6,4,"Colocou bastante desenho, sim eu gosto de desenhos e tenho filhos, mas gostaria de que tivesse aparecido filmes para adultos interessantes e que eu não tivesse assistido ainda.",4,4
06dbde1b-6fe0-4b3b-89e5-9ebc5d2aa843,4,2,FALSE,4,6,5,6,7,7,7,7,5,7,4,5,6,6,"Se não tivesse ofereciro opções parecidas com a primeira enquete, seria injusto, pois eu teria perdido tempo avaliando alguns filmes esperando sugestões parecidas.
 Nesse caso, acredito que foi justa. Apesar de ja ter assistido todos os filmes sugeridos, foram sugeridos filmes sobre temas que eu gosto.",6,6
178dc679-022a-4ca4-84e2-ebb1e7589551,4,2,FALSE,7,7,7,1,1,7,7,7,5,6,4,4,6,6,Não as consideraria. As recomendações foram justas com base em filmes e gêneros que eu gosto de assistir,6,6
5acf314c-cf32-4e27-854c-df77006c9b64,4,2,FALSE,5,6,1,6,7,7,7,7,5,6,6,5,5,5,"Creio que muitas das recomendações foram filmes que eu já havia assistido, até mesmo pois já havia avaliado no início.
 Creio que deveria se recomendar outros filmes de temas parecidos, e não apenas os diferentes de alguma saga ou algo.
 Porém, o intuito do sistema é incrível, e pode-se ter sucesso se for bem aperfeiçoado.",7,7
5de8d491-a18d-4cb6-a725-8fa2c5c66aa5,4,2,FALSE,6,5,6,7,7,7,7,7,5,7,5,7,5,7,"Acredito que o sistema tende a deixa de fora muitas opções caso sua base não seja bem abastecida e pode privar o usuário de ter novas experiências, no quesito outros gêneros, pois irá sempre utilizar como base o que já foi visto. No geral achei que o algoritmo tem um bom filtro para pessoas indecisas ou que queiram filmes diferentes sem fugir da sua zona de conforto (como eu).",7,7
604e5239-92cf-4e6c-a7e7-da29f9c2c035,4,2,FALSE,4,7,4,6,7,7,7,7,5,6,7,6,6,6,Eu consideraria as recomendações injustas caso houvesse algum gênero de filme que eu não avaliei.,7,7
eb13620b-5e6b-4630-bf37-70e2a02b367e,4,2,FALSE,6,4,5,6,7,7,5,4,5,6,5,6,3,5,"Injustas: O filme foi recomendado fora dos gêneros que eu escolhi ou apenas pelo hype dele
 
 Justas: O filme foi recomendado conforme os gêneros que eu selecionei e estão no meu padrão de gêneros que gosto",6,7
f2a43f52-78f4-4cbe-8994-92e85097f7c1,4,2,FALSE,5,5,1,5,4,1,7,5,5,2,4,2,2,2,"Muitos filmes já conhecidos, com chances de já terem sido vistos.",7,7
4c366b47-a86f-41d4-ab98-9c1b008c6a01,4,3,FALSE,4,3,3,3,4,2,5,4,5,3,4,3,4,2,Foram recomendados filmes que eu tinha marcado que já tinha assistido.,6,6
4ef15762-40e1-4e5b-9775-a9f15efa3bc5,4,3,FALSE,4,3,1,4,4,6,7,6,5,5,6,3,4,2,Muitos já tinha visto,7,6
81332e2c-64bd-4cb0-91ed-bdfb3daafb81,4,3,FALSE,4,5,6,4,6,2,6,7,5,5,4,5,5,3,Aparecem em sua maioria filmes que nunca vi uma boa publicidade e nem do gênero que gosto.,4,6
81ec5af4-7633-4114-897e-bfa091f3604f,4,3,FALSE,5,7,5,7,7,7,7,7,5,7,5,6,7,7,Não problemas na recomendações de filmes,5,4
a0f7b785-2774-4445-b959-a6c91cc470ba,4,3,FALSE,7,6,7,6,2,7,7,6,5,7,4,5,6,7,"No caso de conhecer a pessoa? justa
 injusta quando são filmes aleatórios independente das outras pessoas",6,6
c4512228-f32a-4c04-abdb-52fca7ce8f93,4,3,FALSE,6,6,7,5,6,3,7,6,5,7,6,7,5,7,Tenho dificuldade com classificação de temas e idade. E de vez em quando aparecem filmes que eu acho que não são do tema.,7,7
01e7b778-ddbe-40d5-8d07-77b55fb0dd21,4,4,FALSE,6,7,1,7,7,7,7,7,5,5,3,7,7,7,Quando não dão um gênero ou algo que não falamos .,7,7
1e72613e-754a-424b-9722-1aadd51236b4,4,4,FALSE,6,4,7,5,7,3,7,7,5,4,2,4,7,7,Se não levasse em consideração o que errou acostumada a assistir,7,7
50ca68a3-a918-4933-8690-d62ce2bacc0f,4,4,FALSE,4,3,7,6,7,6,5,6,5,6,2,4,5,6,"Justas nos filmes infantis, pois sao meus favoritos, ja os outros nem tanto pois nao sao meu genero favorito",6,4
68e57b96-42eb-44d9-9e3b-3dc5b6120291,4,4,FALSE,6,6,6,6,4,6,6,6,5,6,4,6,6,6,Consideraria justa com base nas minhas visualizações de filmes parecidos,6,6
a2f89856-a7cb-4159-a19c-ba4639b1593b,4,4,FALSE,4,6,3,6,4,7,7,6,5,7,6,5,4,4,"Acho que foi bem fiel ao meu gosto, porém já assisti a 90% deles",5,5
c066ccd1-b37f-4904-9602-b16ba571c6b0,4,4,FALSE,7,6,6,6,7,7,7,7,5,6,2,7,7,7,Acredito que as recomendações foram justas e se adequaram aos filmes que havia avaliado previamente.,7,7
c32fa66a-a33f-47c7-b5b8-8dd49a353f7a,4,4,FALSE,5,5,5,5,5,3,5,5,5,5,3,4,5,5,"Se fossem sugeridos filmes em recomendações por nome similares, quanto a recomendação por gênero acho ótima",6,6
0d9e99de-a6b3-462d-b049-73f758abfd1d,4,5,FALSE,7,6,1,7,6,7,7,7,5,6,4,6,6,7,"Achei injusta pela quantidade de filmes da primeira fase, poucas sugestões para avaliação. Por isso acabou sendo um pouco injusta. Mas diante do que foi apresentado, as sugestões para mim foram justas",7,7
28a504f7-12eb-4021-a6be-4372d4cf8c86,4,5,FALSE,7,7,4,7,7,7,7,7,5,6,4,7,7,7,"É injusto quando recomenda somente filmes populares, quando filmes com pouca popularidade também podem ser ótimos.
 Mas na maioria das vezes é um bom sistema pois recomenda filmes com base no gosto pessoal de quem usa.",7,7
30d690f5-737b-485a-9cf0-fabd5c195842,4,5,FALSE,2,4,4,2,4,6,4,4,5,6,5,2,4,1,"Os filmes que foram recomendados não são o tipo de filme que eu geralmente assisto. Acho que seria necessário entender primeiro pra quem vc vai indicar filmes, para assim indicar de acordo com o gosto da pessoa",7,7
4f2431d2-3bd6-48a1-bfab-2c7ee565f125,4,5,FALSE,7,6,1,7,7,7,5,7,5,7,3,6,7,7,"Acho justo que o algoritmo mostre escolhas em conformidade com meus gostos e costumes e o que as pessoas estão assistindo mais. Porém muitas opções se perdem, sem a gente saber que existem.",6,6
9d0dcef9-74f0-47c2-b08c-ce5cb0fc6ad4,4,5,FALSE,7,7,7,7,7,7,6,6,5,6,6,7,7,7,"Nas recomendações poderiam colocar mais filmes atuais, pois muitos que foram já assisti então seria decepcionante ter filmes que já foi visto nas recomendações. colocar por gênero e perguntas sobre o gosto, resultaria talvez uma recomendação melhor no final, junto com filmes da atualidade.",7,6
9e601ce8-a7d5-4c1f-b587-61c10756cedb,4,5,FALSE,7,7,7,7,7,7,7,7,5,5,4,7,6,7,Consideraria injusto quando eu procurasse determinado gênero e não aparecesse boas indicações,6,6
c0368430-be9a-464c-9bc0-dae44e478208,4,5,FALSE,5,4,2,6,5,6,4,7,5,4,3,5,6,6,Quando não as recomendações não estão ligadas a minha pesquisa,4,5
dccc10a8-7adb-4707-8315-fcd1a280fa71,4,5,FALSE,6,7,7,7,7,7,7,7,5,5,5,7,7,7,......,7,7
e81b5cde-efcb-4f56-b704-bc51ad4bdae5,4,5,FALSE,4,4,1,4,7,7,7,6,5,4,4,7,6,6,Algumas foram injustas pois não tinham absolutamente nada a ver com meu gosto para filmes,4,7
15e0eb6b-41ea-4e9c-bb5b-8aaa86445e2e,5,0,FALSE,7,6,6,4,6,6,7,6,5,7,6,7,6,6,Não sei responder essa questão.,7,7
1c5d8e79-9a9a-46b6-a8aa-237c25f30eba,5,0,FALSE,6,6,6,7,7,5,7,5,5,7,7,7,7,7,Sugestão de filmes baseado em apenas um gênero,7,7
3ca21865-632b-4b71-9473-200ec6bd65fd,5,0,FALSE,5,6,2,6,5,7,6,6,5,4,4,6,5,2,Consideraria injusto se me indicasse filmes que não combinam com meus gostos,6,6
3fae477b-46ef-46f0-98e1-91b700edb88a,5,0,FALSE,6,6,7,7,7,3,7,7,5,4,4,7,7,7,"Acho que deveria ter apenas um filtro de idade, para que não fossem recomendados filmes +18 para menores, no mais, para mim o sistema funcionou",7,7
4681d994-3bb1-48d1-b6b4-06dd08ccc781,5,0,FALSE,7,6,1,7,1,7,4,4,5,4,4,6,6,6,"Acharia injusto se só mostrasse filmes famosos e que tem alto orçamento quando nem são tão bons assim e deixasse os filmes realmente bons, mas pouco conhecidos e baixo orçamento, de fora do catálogo de sugestões",7,7
761869be-5f60-4d74-8fe7-5e389fb055fa,5,0,FALSE,6,4,2,6,7,7,5,4,5,5,5,4,6,5,"Um filme de terror me foi recomendado, sendo que não tinha selecionado nenhum filme de terror. Também recomendaram jogos vorazes após eu dizer que gostava muito de em chamas (sendo que precisa assistir o primeiro para depois ver o segundo, então automaticamente poderia reconhecer que eu já vi o primeiro filme e não me recomendar ele)",7,7
76cc2cf0-f272-4950-9484-6db6d8274b03,5,0,FALSE,6,7,7,7,7,6,7,7,5,6,3,7,7,7,"Nesse caso, acho que as recomendações foram bem justas, já que a maioria dos filmes recomendados foram semelhantes àqueles que eu avaliei na primeira parte, além de a maioria das recomendações serem filmes que eu já assisti e amei.",7,7
802d15e2-3e62-4c23-bd5b-e5eaaa57a72e,5,0,FALSE,6,6,5,7,4,6,7,6,5,6,2,5,6,5,"Achei justas,afinal acredito que seja baseado na primeira página onde eu avaliei os filmes que assisti",4,6
864a4f2b-b145-434c-9987-72774adf4837,5,0,FALSE,5,5,6,4,4,6,5,5,5,7,4,4,5,5,Muito desenho,5,5
9ad3e0f0-b524-43d4-901a-ca7b6abf862f,5,0,FALSE,3,2,2,7,4,2,5,5,5,3,4,2,3,4,"Não gostei dos filmes recomendados, na maioria do tempo, assisto filme infantil, romance e suspense. Foi recomendado apenas filmes que nunca ouvi falar ou com sinopse nada a ver com o que pesquiso ou assisto.",7,7
a1adbfeb-ead8-41e8-90f9-ebe498c304b9,5,0,FALSE,6,5,3,5,6,6,4,6,5,6,3,6,6,7,Se eu colocasse que já assisti a um filme e aparecesse como recomendação novamente,7,7
a94b0889-3474-496d-864d-c6cc28b3fa45,5,0,FALSE,6,7,5,7,5,5,7,7,5,5,1,7,6,7,"Acho que toda recomendação seria válida, além de que o algoritmo da várias opções onde podemos escolher qual mais nos agrada. Seria injusto dar apenas uma opção, o que não foi o caso.",7,7
a94befb1-8a51-443e-9a70-4e7f7fc2a554,5,0,FALSE,6,5,3,3,5,7,7,6,5,7,6,6,5,4,Justas. Já assistir a maioria deles,5,5
c304dd83-2d40-4c2c-a4c8-588357cf2aa3,5,0,FALSE,6,2,5,4,6,6,7,6,5,7,6,4,4,6,"Eu consideraria caso houvesse algum
 Problema pois ele é robô",4,4
d088d8c4-69d2-4288-8f56-fa3a410b107f,5,0,FALSE,6,6,6,3,4,6,7,7,5,7,3,6,5,7,"Casos em que me recomendaria filmes de terror, seria esxolhas injustas",7,7
d2d37653-c692-47a1-be17-47dc898b2b41,5,0,FALSE,5,6,6,6,7,6,7,7,5,7,6,6,7,6,"Não tem como
 Tem muito haver com o momento se basear em uma seleção no geral é complicado",7,7
e45a2469-14a6-4f14-bfa0-859ef1057d12,5,0,TRUE,5,5,5,7,7,7,5,7,5,7,7,5,6,5,"São injustas quando o sistema de streaming recomenda o lançamento com destaque ao invés de dar destaque aos filmes que realmente estão dentro do tema que o usuário costuma ver. Também são injustas quando as sugestões são muito lineares ao tema geralmente procurado: se eu procuro filmes de guerra, porque aparecem apenas filmes de guerra de ação e não aparecem romances ou documentários ou alguma outra subcategoria de guerra?",7,7
f3bb15ab-af27-4402-99fa-bc6197476cfb,5,0,FALSE,7,4,4,3,4,5,4,6,5,5,5,6,6,6,Nenhum,7,6
00e0b1ae-03fe-4acb-a314-0dc99b34aa5c,5,1,FALSE,5,6,5,2,6,6,7,7,5,5,3,6,6,5,Consideraria justa caso os filmes recomendos de fato fossem semelhantes à outros filmes que já assisti e gostei. Para mim seria injusto eu colocar em uma pesquisa que gosto de suspense é aparecesse como recomendação uma animação por exemplo.,7,7
02a9fcb5-6436-40a4-84d1-d720b7bef3c1,5,1,TRUE,3,3,5,5,5,6,7,6,5,6,6,4,6,5,"Eu tentei selecionar alguns filmes com vários niveis de gostos. Eu coloquei 1 estrela para o filme ""Entrando numa fria maior ainda com a familia"" porque foi um que assisti e não gostei. Então eu esperava que ele não me recomendaria um filme parecido, mas um dos filmes que ele me recomendou foi a prequel desse que é ""entrando numa fria maior ainda"" que eu não assisti, mas não assistiria.
 Achei justo no fato de que os filmes com 5 estrelas que coloquei foram animações famosas e ele me recomendou filmes de animações famosas. O que faz sentido. No entanto, eu já assisti todas animações então não sei se escolheria assistir.",7,6
137439f6-928a-48f9-9053-1ed89875e7dd,5,1,FALSE,7,6,7,5,7,5,7,7,5,5,6,6,7,7,"Considero injusto mostrar apenas um tipo de filme, pois posso perder a oportunidade de conhecer filmes incríveis e expandir meu horizonte. Considero justo no sentido que sempre irei assistir o que gosto, mas gostaria de ser desafiada a algo novo.",7,7
1dd60b56-2884-423f-8923-22ebe0a0830a,5,1,FALSE,4,7,3,7,7,6,7,7,5,6,6,7,7,7,"Acho justa quando me recomenda coisas baseadas nas minhas outras escolhas, e automaticamente me recomenda um filme que nunca vi mas que tem haver com o meu gosto",7,7
3c694797-450f-47d5-a7fe-135df24d60a9,5,1,FALSE,6,6,3,6,1,6,6,7,5,6,3,6,6,6,"Injustas porque poderei perder a chance de conhecer um outro estilo de filme, pois ele seleciona com base no que vi, não permitindo que se descubra algo novo.
 
 Justo porque na maioria das vezes queremos assistir aos filmes de acordo com o que mais gostamos. Quando ele nos deixa avaliar os filmes já vistos, a sugestão é mais certeira e eu não perco tempo escolhendo um filme pra ver, que em muitas vezes é desgastante.",5,5
41e1e116-286a-4804-ad90-bac79bd8f960,5,1,FALSE,7,6,6,7,6,7,6,7,5,7,6,6,7,6,Eu já havia assistido a maioria dos filmes recomendados e no geral gosto bastante deles.,6,6
54adff2b-0d69-400e-9421-89038a2e270a,5,1,FALSE,6,5,7,6,4,7,7,7,5,6,4,6,6,6,Injustas se não seguisse meu padrão de escolha de filmes e indicasse apenas o que está em alta ou que recomendam apenas pela audiência.,7,7
5d0d2f31-da73-4476-b015-41724f1df422,5,1,FALSE,6,7,7,1,6,7,7,7,5,6,6,7,7,7,"Percebi que o algoritmo me mostrou a maioria filmes do mesmo gênero, isso eu gostei, faz sentido e acho justo. Mas acho que ele poderia recomendar coisas novas, justamente porque essa seria a função ""recomendar"", achei injusto não ter filmes recomendados que foram produzidos pelo mesmo diretor ou roteirista por exemplo, achei injusto pois se gosto de determinada obra, acho legal conhecer mais trabalhos de uma pessoa.",3,5
70dae59b-8be2-4b59-962f-a0eeb48735b1,5,1,FALSE,6,6,4,4,4,5,6,6,5,6,4,7,7,7,"Não acho que existam recomendações injustas, apenas tem algumas recomendações que não agradam no momento",7,7
81e09d11-aab4-4578-bc91-c25dcbb94807,5,1,FALSE,7,6,5,7,7,6,7,7,5,7,7,7,7,7,"As recomendações são justas pois seguem o padrão baseado nos filmes já assistidos e avaliados, não é surpresa encontrar as continuações de filmes já assistidos como recomendações para ""assistir depois"".",7,7
88a8834c-e318-4f0b-9708-97a4e4916043,5,1,FALSE,7,6,5,5,6,7,6,6,5,4,3,6,6,6,Os filmes que foram recomendados foram mais para o gênero de terror ou suspense. Na primeira tela selecionei filmes de romance também é não apareceram nenhuma opção para esse gênero. Então creio que injustas ou justas seriam basicamente nesse estilo de filmes.,6,6
97e3e666-5fa3-4578-9d17-aac429ee562f,5,1,TRUE,7,7,6,7,7,7,6,7,5,7,4,7,7,7,"Eu acho justo, mas também acho que precise de um pouco de aleatoriedade, tipo dos dez filmes um fosse escolhido aleatoriamente",7,7
e7d7a3cf-6273-41ad-b8f3-d76a06c4222d,5,1,FALSE,5,5,6,6,6,5,6,6,5,3,2,4,5,3,"Jogaram alguns filmes de ação que nada teve a ver com minhas escolhas, porém me enviou um sequência do de volta pro futuro que achei uma ótima sacada",6,6
fb358c8e-7f4a-4395-b12c-9dc4f680502e,5,1,FALSE,7,7,6,7,4,6,7,7,5,6,6,6,7,7,Acharia injusta se recomendassem apenas filmes renomados pela crítica,7,7
07927c7c-0b92-4735-8a8c-d01f44a96038,5,2,FALSE,6,5,7,7,7,7,6,7,5,6,6,6,5,6,"Baseado nos filmes que eu escolhi, a Inteligência artificial acabou me recomendando mais filmes do mesmo gênero, o que é justo pq são filmes que eu gosto. Porém injusto pois dessa forma é bem difícil a recomendação de filmes novos ou fora da minha ""bolha""",7,7
22585531-386f-43fb-9a4f-13678433c66f,5,2,FALSE,7,6,1,7,7,7,7,7,5,7,6,7,7,7,As recomendações foram justas no sentido de apresentarem filmes que eu já vi/veria com certeza,7,7
46ba5ebe-b8d7-4ab4-981e-b30264c69892,5,2,FALSE,5,5,7,7,4,6,7,6,5,7,4,6,7,7,"Continuações de filmes que eu já assisti são justas e válidas. 
 Como selecionei mais animação, vieram mais filmes nesse estilo",5,5
5069b013-05f5-4fc7-8999-cfaacb377caf,5,2,FALSE,7,6,5,6,5,5,7,6,5,6,3,6,7,7,"Acredito que seria injustas quando me apresentasse apenas opções muito populares, ou nenhum pouco relacionada com meus gostos.",7,7
541967f5-3751-47b1-9084-2bbc8f3d5113,5,2,FALSE,6,7,5,1,7,5,6,3,5,5,6,5,6,6,Baseadas totalmente no critério da pessoa que vai assistir dando a ela possibilidades de montar sua lista.,3,5
54a7f5ad-47d1-4a8a-902b-3206bc2c0fa0,5,2,FALSE,7,7,7,4,7,5,7,7,5,6,6,5,7,7,Em muitos casos a recomendações foram de acordo com o esperado,7,7
5b81fab1-1fc7-4b10-9784-5c7230bc73d5,5,2,FALSE,6,7,6,7,7,7,7,7,5,6,6,6,7,6,"Creio que é muito válido esse algoritmo, pois muitas vezes ficamos vários minutos tentando escolher um filme e um algoritmo destes facilitaria a escolha. Acho justo para lazer e injusto creio que não tenha uma opinião sobre.",7,7
6a2d80b6-11cf-41ba-aa1d-824aab56dfab,5,2,FALSE,6,5,4,6,6,6,5,6,5,6,4,6,5,5,"Isso é algo relativo, pois a indicação pode fazer meu perfil e mesmo assim eu não goste ou o inverso.",6,6
783d607f-248d-4e5d-91f6-7a5973664755,5,2,FALSE,6,6,7,7,7,7,7,7,5,6,5,6,7,7,No meu caso achei as sugestões completamente alinhadas com meu gosto e com as minhas avaliações anteriores.,6,6
913f19c6-7977-42f6-883d-3719681242a1,5,2,FALSE,7,7,7,7,7,7,7,7,5,7,3,7,7,7,Na minha opinião uma recomendação injusta seria quando eu selecionassr alguns filmes do meu gosto e de um determinado gênero e as recomendações fossem totalmente diferentes.,7,7
965f7f2c-58b3-468f-b753-606046daf908,5,2,FALSE,6,6,5,7,4,7,6,7,5,7,3,7,7,7,São Injustas quando recomendam filmes que não tem fazem sentido com o meu gosto e os recomendam só por serem famosos.E são justas quando os filmes são parecidos com o meu estilo de filmes.,7,7
a226f74a-02e1-4517-aad0-b305f00133d3,5,2,FALSE,6,6,1,6,4,7,7,6,5,7,6,6,7,4,"Achei bem justo na verdade. Pois com base nos escolhidos no início, a grande maioria dos filmes recomendados eu já vi... Então é uma linha tênue, pois entendeu do que eu gosto e recomendou. Porém os recomendados já foram assistidos, e os que não foram vistos, eu não veria. Tanto que oq eu escolhi para ver, foi um que já vi e veria novamente. Todos pessoa e duas medidas",6,7
b8afc9b3-3d07-42df-b194-51f08330070d,5,2,FALSE,6,6,6,7,7,7,7,7,5,6,7,7,7,5,Justas pq é baseado nos gêneros de preferência e injusta pq não tem todos os gêneros inclusos,7,7
cb80b0dc-f9e6-4829-b00d-ce67dab1661a,5,2,FALSE,7,7,1,6,6,7,7,7,5,5,5,6,7,7,"Consideraria injusta caso me recomendassem um filme de um gênero que eu não estou habituada a assistir, porém como me recomendaram filmes que eu já assisti, em sua maioria, e assistiria novamente, eu achei as reclamações bem justas.",7,7
dc764f41-e895-412b-8c61-9deb71850bf9,5,2,FALSE,4,4,4,7,4,7,7,7,5,6,4,5,6,6,"Não entendi bem a pergunta mas os resultados obtidos estavam de acordo com o perfil que costumo assistir, acho que talvez seja interessante adicionar mais opções de filmes para avaliação algumas das opções que procurem não foram recuperadas.",6,7
f4694a47-110b-4351-b867-a8a901e7c033,5,2,FALSE,4,7,1,4,4,1,7,7,5,6,4,4,4,4,Não sei opinar,7,7
129f0c6e-4ff2-4569-b41e-123bec246cca,5,3,TRUE,7,6,7,7,6,7,7,7,5,7,6,7,7,6,Injustas se priorizam filmes com alto orçamento,7,7
329d5229-632e-4b6d-a47e-fe9e33e23923,5,3,FALSE,5,6,5,4,5,7,7,6,5,5,4,3,3,4,"Quando pesquisamos algo aleatoriamente e então pode aparecer recomendações que não estamos esperando, recomendações injustas.",5,6
40fc122d-35a1-4c29-87bb-76cb9e3439c8,5,3,FALSE,6,5,7,5,6,3,7,7,5,3,2,6,5,6,"Em casos de orçamento ou popularidade, por exemplo. 
 Já assisti filmes com orçamentos altíssimos é que no fim decepcionaram, e o contrário também. Como também já assisti filmes com alto índice de popularidade, mas que não me agradaram e o contrário também.",7,7
5fd80667-3fc1-4f68-91c3-9e05a4d12ff8,5,3,FALSE,5,7,4,7,6,7,6,7,5,5,5,6,6,7,"Eu considerei as recomendações muito boas, mas alguns filmes já são bem populares e eu já tinha visto. Talvez se recomendassem filmes menos conhecidos seria mais útil.",7,6
6ebcd54b-7c19-44e3-aa8b-677292d5c197,5,3,FALSE,7,7,6,7,7,7,7,7,5,7,6,7,6,7,"Filmes que pouca ""aclamação"" e que são desconhecidos, poderiam ter a chance de entrar na lista de recomendação.",7,7
74838830-fd4a-4e2e-bc00-02ef40730389,5,3,FALSE,7,7,7,5,5,6,7,7,5,7,6,6,6,2,Caso eu assistisse um filme que eu não tenha gostado e o algoritmo não parar de me mostrar esse filme.,7,7
8022760f-d0fd-4564-95ff-03ca84238c33,5,3,FALSE,6,7,4,6,4,7,7,6,5,7,4,6,7,7,"Considero injustas quando a recomendação é por questão de popularidade, o que acontece muito. Uma recomendação justa seria estar no padrão de filmes que eu assisto, mas não necessariamente estar no topo ou no ranking de mais assistidos.",7,7
95996bb1-9d7d-4c34-864b-53b8f34290e4,5,3,FALSE,6,6,7,7,5,6,7,6,5,6,6,6,7,7,Recomendar filmes que não sejam do gênero que mais foi escolhido pela pessoa,7,7
96f1de66-b5e6-4b0b-8015-620861dec9e5,5,3,FALSE,6,4,5,6,3,7,7,6,5,6,7,5,5,6,"Não acho que seja injustiça, o algoritmo escolhe aquilo que se assemelha ao que o cliente mais procura, seja na busca ou pra assistir e recomenda filmes semelhantes seja em gênero, direção, atores e até criadores. Portanto todas as recomendações são válidas desde que sigam o algoritmo nessas circunstâncias.",7,7
a6c1cba6-7962-4520-bb90-06fae89c610e,5,3,FALSE,6,5,5,6,4,7,7,6,5,7,6,6,6,7,"São escolhas justas, já que se coloca um X de opções de gênero de filmes e de acordo com essa opção acaba tendo várias outras disponíveis para você, e acabam sendo i justas por que a maioria dos filmes são filmes repetidos, que já foram assistidos,mas isso na quer dizer que não seja válido utilizar um algoritmo para fazer uma escolha.",7,7
ad866c52-b5f4-43be-a0bc-99d2549d2706,5,3,FALSE,7,6,7,6,7,7,7,7,5,6,6,6,7,7,"Consideraria injusto, quando não tivesse a oportunidade de dar minha opinião. Ou quando não tivesse mais opções sinceras. Mais no entanto , não foi isso que ocorreu. Gostei bastante das indicações.",7,7
ae52c127-5ccf-451f-bc80-1c81bd439cd0,5,3,FALSE,4,5,7,6,6,7,7,7,5,6,4,6,6,7,"Injusto quando é indicado um filme que está sendo "" popular"" mas não faz parte dos meus gostos",1,6
bd043f34-b583-43f0-921c-3914596bff43,5,3,TRUE,3,5,5,5,5,3,5,5,5,3,3,3,4,5,Injustas se só recomendassem filmes de alto orçamento,6,6
f3eeefc1-cdb9-4e51-a64a-37003a716028,5,3,FALSE,6,6,5,6,7,6,7,7,5,6,3,6,6,7,"Eu acho justo com base nas últimas escolhas. A parte injusta é que você não irá procurar outros filmes, não vai sair da sua bolha de filmes",2,2
018874a7-0ba4-4bbf-85e8-2454ff265a27,5,4,FALSE,6,6,1,4,6,7,7,6,5,6,6,6,6,6,Para mim nao foram.injustas,7,7
13630cbc-b0bf-429f-a7aa-56590dc9c04f,5,4,FALSE,7,7,7,7,4,7,7,7,5,7,4,7,7,7,"Justas pois o sistema reconhece exatamente o meu gosto para filmes recomendando apenas os que eu teria mais chance de escolher . Injusta pois acaba só indicando filmes do meu gosto, fazendo com que eu não conheça filmes que não faz parte da minha rotina de escolha",7,7
1f40a73e-e771-4c4b-bef6-b59d0288d4cd,5,4,FALSE,5,5,3,5,4,7,7,6,5,5,4,6,6,6,Normalmente as recompensas feitas são bem aproveitadas.,6,6
3bdfe8c8-2fda-4801-9f90-46933d5238c8,5,4,FALSE,6,7,6,7,7,7,7,7,5,6,7,7,7,7,"Achei muito justas as recomendações dos filmes para mim, pois achei que o algoritmo entendeu quais gêneros prefiro.",6,6
56289d6c-66cd-49e7-8882-1745b1b12386,5,4,FALSE,7,7,7,7,7,7,7,7,5,6,4,6,7,7,"Os algorítmos são justos e acertívos, ao notarem a preferência de cada um, e fazer sugestões relacionadas aos gêneros que cada pessoa preferiu. E o algorítmo é injusto, por conta de apenas recomendar filmes que são populares. E isso acaba excluindo filmes de baixo orçamento ou que não são tão conhecidos, que talvez a pessoa que está procurando um filme do gênero, mas quisesse ver algo diferente/novo pudesse gostar.",7,7
5df36448-71ee-4efc-9bf3-e4510c41a2bc,5,4,FALSE,7,6,6,7,7,7,7,7,5,7,5,6,6,6,"Acredito que, de um modo geral, as recomendações foram boas e de acordo com o que eu selecionei na avaliação. As recomendações são boas e cumprem muito bem o propósito baseado em minhas próprias respostas. Eu apenas discordo na questão de tipos de filmes, eu escolhi algumas animações e nas sugestões não me foi dada mais opões desse gênero; e acabei recebendo recomendações de terror/suspense que eu não havia escolhido em nenhuma avaliação",7,7
7bd8a191-4a0d-4002-9896-a1d2a3ffd533,5,4,FALSE,6,6,4,7,6,7,7,7,5,7,3,3,5,4,"Achei justa. Porém pouco variada, já que a algumas das sugestões eu já havia selecionado com avaliação.",6,6
dd5b9bcf-3730-4738-90ed-9db193621b83,5,4,FALSE,5,2,6,2,7,7,7,3,5,5,7,5,4,3,A grande maioria dos filmes recomendados são os mais populares e conhecido deixando a desejar pois existe bons filmes menos conhecidos e com conteúdos ricos,7,7
e4fae636-2540-41ca-9c6b-27fb9c0a4057,5,4,FALSE,6,6,2,6,6,6,7,7,5,6,6,4,4,6,"A tecnologia seja por algoritmos ou por vício está sempre mostrando o que ""queremos"" ou similares, não são injustas por que ainda temos o poder de decisão.",6,6
ed38ccc0-d421-498b-a433-342ad770e4da,5,4,FALSE,7,6,7,7,5,6,7,7,5,6,6,7,7,7,Sao injustas Quando s filmes não são do meu gosto kkkk,6,6
2abdaf18-583a-4d78-96b2-0f13c1fb7d88,5,5,FALSE,7,7,5,7,7,7,7,7,5,7,4,7,7,7,Todas as recomendações foram justas por incluírem filmes que eu gosto e já tinha assistido,7,4
342cdda6-96ff-415a-8893-f27ffa896efd,5,5,FALSE,6,5,1,6,2,5,6,7,5,6,3,6,6,7,"Acredito que Depende da idade da pessoa que for realizar a recomendação, no meu caso com meu gosto se encaixou muito bem baseado nas minhas escolhas, acredito que pra uma pessoa mais nova ou de mais idade teria que ter sugestões dos filmes mais populares da idade da pessoa, seria uma sugestão a pergunta da idade para ter um melhor retorno de público alvo...",7,7
3cc5a08d-adc3-4375-a30a-c6b30ec422ef,5,5,FALSE,7,6,3,5,6,7,6,7,5,6,5,7,4,7,"Acho as recomendações boas por me mostrarem opções similares a filmes que eu gosto ou gostei. Porém, elas podem passar a serem injustas quando limitam meu gosto e deixam de apresentar novas opções, focando sempre no mesmo gênero e/ou história parecida.",7,6
4347d265-cf72-476b-8dcf-62e960b6888a,5,5,FALSE,4,6,5,6,7,7,7,7,5,7,6,7,7,7,Quando somos forçados a ver algo,7,7
46c8037e-b5ae-4bf7-9be6-f2ec6bd0b714,5,5,FALSE,6,7,5,1,4,6,7,7,5,6,4,6,6,6,"Acho que para mim funcionaria bem. Alguns dos filmes recomendados eu já assisti e realmente gosto. Outros eu não conhecia, mas assistiria sim.",3,7
6573d0ba-efd7-49cd-a60b-680b021f04cb,5,5,FALSE,6,6,6,7,7,7,7,7,5,7,4,7,6,5,"Acredito que pelas minhas escolhas, foi sugerido de acordo. Até porque vi quase todos os indicados, estando de acordo com minhas preferências. A unica observacao, nao acredito que se encaixa como injusta, mas é que foram muitas opções do mesmo genero.",7,7
6d0cf4c7-284b-4d4a-a2f4-ea172ecdd566,5,5,FALSE,6,6,7,7,6,7,7,7,5,6,3,7,6,6,"Não gosto muito quando recomenda algo que já assisti. Segundo exemplo é quando o ""algoritmo"" sempre te dá uma recomendação forçada pela plataforma",7,7
7cd949e9-29ae-4cc2-b5d8-375fe68fa045,5,5,FALSE,7,7,1,7,4,7,7,7,5,7,7,7,7,5,Acho justas as recomendações quando são do mesmo gênero,7,7
7e2ba861-475d-460d-93b0-cfa11a6d0076,5,5,FALSE,7,7,6,7,6,7,7,6,5,6,6,7,7,7,"Observo em minha particularidade que não gosto quando, assisto um único filme de determinado gênero e então só começa a ser recomendado semelhantes aquele único filme que assisti isoladamente, desconsiderando todo o restante que assisto constantemente. 
 Sendo assim, vejo como justo quando recomendam justamente os filmes semelhantes àqueles que assisto constantemente.",6,6
a89388dd-3582-4dd7-8b13-c2ff24060724,5,5,FALSE,6,7,7,7,4,6,6,6,5,6,6,6,6,7,Em casos de se recomendarem filmes nas quais minhas avaliações foram baixas.,7,6
bb2d176a-90af-4e9a-b0bd-5caae5433701,5,5,FALSE,5,5,1,5,5,3,6,5,5,6,4,6,4,5,Injusta quando é baseada em poucas opções de escolha/seleção por determinados gêneros de filmes.,7,7
bc8d60e7-7d19-4903-9347-018c6529d2aa,5,5,FALSE,6,6,6,6,7,7,6,6,5,6,4,6,5,6,Na primeira seleção de avaliação foi como uma seleção para a próxima fase e achei justas as recomendações pois eram semelhantes ou iguais ao escolhido. Assim podendo ser recomendado filmes parecidos que possa agradar ao gosto da pessoa em sua busca.,6,6
c43ad7d6-789c-4003-9f92-ca7cb5ff65b3,5,5,FALSE,5,5,7,4,7,6,6,7,5,6,5,3,5,2,Tiveram filmes que nunca ouvi falar e não sei porque me foram recomendados.,6,6
cac2290f-2802-4f79-8429-bc4e6ec39236,5,5,FALSE,6,6,7,5,6,4,6,7,5,7,5,7,7,7,Injusto quando recomendam algo fora do tema que eu pedi,7,7
f3a54194-0c61-43b4-be52-c76f8358706b,5,5,TRUE,6,4,5,7,7,7,5,7,5,6,4,4,4,4,"Eu diria que recomendações injustas são aquelas que sistematicamente afastam os usuários de filmes específicos. Por mais que esse tipo de comportamento seja minimamente esperado (dado que é um algoritmo de recomendação, então precisa saber o que mostrar e o que não mostrar), se ele tira a oportunidade das pessoas em geral de serem expostas a um conjunto específico de filmes, isso poderia ser tomado como injusto. É um pedaço da cultura que se nega a todos ou quase todos.",7,7
3d0a78a3-48c9-402e-b917-7b5541adacc1,6,0,FALSE,6,6,7,6,7,7,7,7,5,6,6,7,6,7,"Quando apresenta filmes que não escolhi, ou mesmo gêneros diferentes dos filmes q selecionei",6,6
43d1cec0-a7fa-4504-a832-df718ce6cb01,6,0,FALSE,6,6,4,6,4,7,4,6,5,6,2,4,6,6,"Não acho que as recomendações sejam injustas, nenhum sistema é perfeito. E é impossível agradar todos os usuários",7,7
4fcba02e-b14f-4c5c-9b8e-0558b7a2f888,6,0,FALSE,7,7,6,7,5,7,7,7,5,6,4,7,6,7,Seria injusta se apenas recomendassem filmes conhecidos e de alto investimento.,7,7
5087cda5-f7a6-47c7-aa18-38eede7e8765,6,0,TRUE,7,6,5,6,7,7,7,7,5,7,7,6,6,6,"Recomendações justas seriam baseadas nas minhas preferências e de usuários similares, e injustas teriam algum vício, seja acidental ou intencional. Neste caso, as recomendações pareciam favorecer animações desproporcionalmente.",6,6
63c18ada-c781-476b-9d11-bdd01ae81009,6,0,FALSE,7,6,6,7,6,6,7,7,5,6,1,7,6,7,"Considera injustas quando se focam muito no mercado Hollywoodano... Gosto da possibilidade de explorarem diversos gostos, serem inclusivos e de diferentes países.",7,7
6d2b3c1c-2743-4b03-ae3a-284a94e31186,6,0,FALSE,6,6,6,4,5,5,6,6,5,6,7,6,6,7,"Quando ele escolhe filmes semelhantes é bom, pois leva e consideração o que eu gostei e não o gosto de outra pessoa.",7,7
7379ee4b-8ef3-478b-a02f-384a3155581b,6,0,TRUE,7,6,2,6,5,7,7,7,5,7,7,6,5,4,"Consoderaria inustas as recomendações, se essas fossem.baseadas em algum tipo de recompensa financeira para que algum filme fosse recomendado mais que outro.",7,7
758cb579-e429-47f7-bbee-441906bb4af8,6,0,FALSE,5,3,6,4,6,3,6,6,5,6,4,5,5,3,"apareceram poucas opções de recomendações de filmes, nada a ver se são bons ou ruins, apenas o site que me impedia de ver todas as categorias dos filmes",6,6
94f9e972-dd68-49dd-9d35-8fdbad538875,6,0,FALSE,4,4,3,4,7,6,7,4,5,7,4,6,4,2,As vezes você pode ter um estilo eclético de filmes. Um dia posso querer assistir filme de terror e no outro romance é se eu for por recomendações no segundo dia em que eu iria assistir o filme de romance apareceria muito mais recomendacoes para terror.,7,7
9a113716-0596-448e-af19-b3e8e0cb03e2,6,0,FALSE,2,1,5,2,6,5,5,3,5,7,6,3,5,4,"Não acho que seja injusto, porém se não for bem alimentado o banco de dados de filmes fica difícil escolhas satisfatórias.",7,7
ab88a02a-87a9-4b12-bfab-e140fb35fb0f,6,0,FALSE,7,6,6,7,4,7,7,7,5,7,7,7,7,7,Acharia injusto se não tivesse mais gêneros para escolha e acho justo assim como foi com uma variade de filmes,7,7
b1e86043-d59f-4451-979d-12b9b1c5cfab,6,0,FALSE,4,3,7,1,3,7,5,5,5,5,5,1,4,5,N sei dizer exatamente!,7,7
ba66d75a-1fb3-4d3c-aba8-fa9f0fbdfcad,6,0,FALSE,6,5,1,6,7,7,7,7,5,7,6,6,4,6,Quando só aparece um tipo de filme acho injusto,7,7
c22e5264-5b47-4da7-8f8c-101c0a62fdca,6,0,FALSE,7,7,6,7,7,7,7,7,5,5,2,7,7,7,"Acho que injusta seria algo que levasse em consideração orçamento por exemplo, um filme de baixo orçamento não o torna ruim automaticamente, assim como um de orçamento alto, não se torna bom só por isso. O gênero, os atores e atrizes, direção seria uma forma de seleção justa na minha opinião.",7,7
0078f5ea-95b7-421b-b0c7-dfa59f9b07c1,6,1,FALSE,3,5,3,4,6,5,6,6,5,4,2,5,5,5,"Me recomendou alguns filmes de terror, e um gênero que nunca assisto.",7,7
036296bc-9705-4f05-bf4d-cd3477fc5498,6,1,FALSE,7,7,5,7,6,7,7,7,5,6,6,7,6,7,,5,6
2618856e-48f6-4a5c-a49b-3707cec84c58,6,1,FALSE,6,6,4,5,6,5,6,6,5,5,4,6,6,7,Quando só tem um gênero,6,6
2a10c1ef-4db6-45a5-9c13-e28e05570f52,6,1,FALSE,7,7,1,7,1,1,7,7,5,2,2,7,7,7,Todos justas porque se baseiam nos meus gostos,7,7
5b5bc052-13ea-4121-94c4-27920d54275b,6,1,TRUE,7,6,1,7,6,7,6,7,5,7,4,7,7,7,"Eu acho as recomendações legais, inclusive já assisti grande parte das sugestões apresentadas, as recomendações podem ser legais para apresentar sugestões que vão agradar a pessoa. Pois muitas vezes entramos em aplicativos de streaming mas não sabemos ao certo o que vamos escolher, creio que ter uma ferramenta assim ajuda na escolha e não fazemos a perda de tempo com um filme que no final não agrada. Porém, é importante salientar que a ter a opção de ver coisas novas que fogem um pouco do cotidiano é interessante, por exemplo o YouTube fica muito preso nas mesmas coisas. É legal ter uma seção de cada coisa: sugestões baseadas no gosto pessoal e coisas novas.",7,7
62e0add8-4d5f-45a7-9172-75dd37b11b80,6,1,FALSE,5,4,4,4,5,5,5,6,5,3,3,3,3,4,"Tem que nem ouvi falar,eu não curto filme de terror e tinha na lista",5,5
76fa963d-5af8-4642-afb0-5f00b423272e,6,1,FALSE,7,7,7,6,4,7,6,7,5,7,6,7,7,7,"Acho problemático quando lhe pedem seus dados pessoais, as pessoas ficam desconfiadas, mas para essa forma que foi feita aqui, eu gostei muito de participar, me relembrou filmes que eu assistir e gostei muito, e provavelmente irei voltar a assistir nos próximos dias, e é bom para aqueles que estão procurando indicação de filmes.",6,7
7d8d8546-1a2d-4005-ab83-7c7b3f372ad6,6,1,FALSE,6,6,5,6,7,7,5,7,5,7,5,6,6,7,"No geral eu gosto de algoritmos, me ajudam a ter mais acesso a informações, empresas, e produtos que me interessam, acredito que talvez o problema esteja no limite de quais informações o algoritmo deve ou não gravar, no sentido de que muitas pessoas sentem sua privacidade invadida ou mesmo sua mente manipulada pela bolha criada pelos algoritmos. A bolha é outro problema, é muito legal ter acessoa a conteúdos do nosso interesse mas é preciso estar atento para que isso não se torne um limitantes de modo que penso que os algoritmos devem dar espaço para ramificações de escolhas, deve ser algo complexo de fazer, mas acredito que isso é um dos pontos que limita as opções de filmes que eu teria escolhido não chegando aos filmes que eu realmente mais gosto.",7,6
7e1caede-6799-4692-9fde-a3cee1f2e615,6,1,FALSE,6,5,4,5,6,5,7,6,5,6,4,5,6,7,Recomendações de filmes injustas seriam aquelas que fogem totalmente do padrão seguido pelo gosto do usuário.,7,6
9686abd2-a55c-48e5-9d4d-d1e5c16ec49c,6,1,FALSE,6,6,3,6,6,7,6,6,5,6,5,6,6,6,Quando foge muito dos temas propostos.,6,6
a1b94d3d-6022-43cf-816e-8df0c4c9de8d,6,1,FALSE,6,6,2,7,4,3,7,7,5,6,4,6,6,7,"Na primeira tela foram apresentados filmes que eu nunca tinha assistido mas tinha que escolher sete então por isso acredito que o sistema recomendo alguns filmes que eu não assistiria porque na primeira tela eu fiz a escolha de filmes que eu nunca assisti , mas no geral eu acho interessante essa ideal propõe a o telespectador uma experiência diferente do somente ler a sinopse e tentar se basear que aquilo será algo que vai surpreende-lo , esse sistema de escolha permite seleção de filmes que sejam no gênero que me agrada , mas que ao mesmo tempo pode selecionar novas escolhas no gênero que agrada o telespectador assim propondo um filme diferente, muitas pessoas assim como eu tem tendência de já assisti algo já consumido antes por ja saberem o final , isso torna mais confortável, mas com esse sistema posso ter recomendação de filmes no gênero que me agrada e novas opções de filmes isso é interessante. 
 
 (Desculpa pela escrita sem pontuação e pelos erros ortográficos ) boa noite :)",4,4
a6791281-6220-48e7-bdd6-f2451f401cd7,6,1,FALSE,4,6,1,4,4,7,3,6,5,6,4,6,6,6,"Seria injusta se previlegiasse somente uma determinada produtora. Seria justa se ,realmente fosse pensado no gosto do cliente.",6,6
ad0497f7-b099-4c07-a178-775f0de73b3c,6,1,TRUE,6,6,6,7,7,6,7,7,5,6,4,7,7,5,Quando não possuem diversidade ou serendipidade criando filtro-bolha,7,7
ad2ed17c-d63b-45f1-942c-311c31245de7,6,1,FALSE,4,5,6,3,4,2,4,4,5,6,4,5,4,6,"Acredito que em parte pode parecer injusto, pois não sabemos ao certo o que a pessoa vai querer assistir em um determinado dia ou momento.",6,6
d5381e82-4c50-402a-a6e3-e134d0bfba4b,6,1,FALSE,3,4,1,6,6,5,7,4,5,4,4,5,5,5,"Depende de quem assiste. 
 Se a pessoa for bem eclética em sua escolha de filmes (ex.: 4 ou 5 tipos de temas) , talvez o algoritmo não consiga selecionar baseado na aleatoriedade e possa indicar qualquer um, sendo indica até um fora dessa faixa.
 Uma pessoa que tem certa predileção por um ou dois tipos de classificação de filmes (ex.: suspense e terror), o algoritmo vai ser mais certeiro na seleção para ela.",6,6
06276ad3-b232-41fd-a110-1d5fab950232,6,2,FALSE,3,2,6,5,1,7,5,7,5,3,3,3,3,4,Injustas pq não prossegue indicando os filmes a gente precisa procurar e muitas vezes não lembramos os nomes dos filmes para procurar nas buscas,5,5
08491827-da48-4e14-a057-f0497bbb9567,6,2,TRUE,7,6,5,7,4,6,4,7,5,5,4,7,7,7,"Injusta:
 Quando não valoriza filmes fora do mundinho Hollywood
 
 Quando valoriza apenas filmes com elevado budget",7,7
1aaebf12-511c-4469-8ee6-f5e4c40ec78e,6,2,FALSE,7,7,6,7,7,7,6,7,5,7,6,7,7,7,"Não sei exatamente como funciona, mas suponho que sistemas assim, talvez, escolham filmes com base na quantidade de outras pessoas que gostaram de filmes parecidos. Então, considerando apenas quantitativamente, é possível que filmes menos conhecidos continuem tendo menos espaço de recomendações.",7,7
1c03c460-d60a-4bb4-82ca-80a618ec14ca,6,2,FALSE,5,5,3,4,4,6,6,7,5,5,3,6,6,5,Acredito que quando o filme tem uma diferença dos gêneros que gosto pode ser uma forma injusta de retirar para um não escolha.,6,5
2239cb47-f44b-4697-911b-33ddd9a941c3,6,2,FALSE,5,3,5,3,6,6,7,6,5,6,5,3,3,3,Injustas.,6,6
3088aa3f-b875-4f54-a615-1d35cf443228,6,2,FALSE,4,3,6,3,5,6,7,6,5,5,4,4,5,4,Injusta,5,5
42287fc3-057a-47fd-964f-38fbdb9ef59c,6,2,TRUE,5,5,6,5,4,3,7,5,5,2,2,5,7,5,"Injustas quando não levar em consideração os gêneros mais escolhidos por mim.
 Justas quando levar em consideração meus gêneros preferidos, além de não sugerir filmes repetidos.",7,7
4df6d9c5-3f88-41bb-bb0a-8c1b1a9a8283,6,2,FALSE,7,7,5,7,7,7,6,7,5,6,4,6,7,7,"Consideraria injusto pois não muda o estilo de filme, são da maioria filmes da mesma produtora ou de histiguais, porém é uma recomendação justa, pois é exatamente o que a pessoa está procurando.",6,6
6466dea5-7b03-4229-ba24-1a8ab317a639,6,2,FALSE,6,6,7,7,7,6,7,7,5,7,6,7,7,7,"Eu não acho que nenhum modo é injusto ou justo. Acho que se tu não assistiu e ele te deu uma opção que tu mesmo escolheu, vale a pena a tentativa. Tudo é baseado em gosto de opções que a pessoa marca, então pra mim não existe ser justo ou injusto.",7,7
713523e3-3004-4af3-974d-d39fc54d7b70,6,2,FALSE,7,6,6,6,4,6,6,7,5,7,4,6,7,7,Eu achei a maioria muito justa,6,6
7a8a5e0b-da8f-4e80-8977-2a7dbaa4abff,6,2,FALSE,6,6,4,5,6,7,7,7,5,7,5,6,6,6,"Com base nos filmes que eu selecionei o algoritmo foi certeiro, pois eu já assisti todos que ele recomendou. Sendo assim ele captou meus gostos.",5,7
d033266a-9eec-461f-893f-ce91e0b83357,6,2,FALSE,6,6,6,7,7,7,7,7,5,6,1,7,6,6,"Depende do que eles pegam como base, as vezes você vê só um pouquinho de um gênero e já começam a te recomendar tudo sobre aquilo e você nem queria ver. Aí coisas que vc vê por um tempão não te recomendam",7,7
d719e912-a9f7-4df0-aad5-8893fcbecf03,6,2,FALSE,6,5,6,5,5,6,7,6,5,5,4,5,6,6,"Quando não faz parte do perfil da pessoa, alguns dos filmes que apareceu nessas opções assisti várias vezes e me indentifico.",4,4
f32d610e-cd63-4c22-b4e3-b0898ddbbfb9,6,2,FALSE,5,6,3,4,4,7,7,6,5,5,3,4,5,2,"Não considero que foram justas, nem injustas, mas acredito que a maioria deles já eram mais velhos e a probabilidade de já ter assistido era alta.",6,6
ff60a956-bca6-4ddb-bd35-10becd7310eb,6,2,FALSE,7,7,6,7,6,6,7,7,5,7,6,7,7,7,Seria injusto se não estivessem de acordo com as avaliações que fiz,7,7
00ee3c10-c401-4d7d-976a-dce68dd14db5,6,3,TRUE,6,5,5,7,7,7,7,7,5,7,4,6,6,7,"O maior problema desses algoritmos é ficar preso em uma bolha e não ter acesso a conteúdos que possam ser interessantes, mas diferentes dos que você já consumiu. No caso dessa pesquisa, por conta do número limitado de mídias (e pelo fato de só incluírem filmes famosos, sendo que eu assisto massivamente mais séries), poucas opções eram realmente filmes que eu gosto e recomendo. Como se trata de um experimento, faz sentido, mas fica difícil avaliar minhas preferências atuais (muitos filmes são antigos e já assisti, mas nem todos reassistiria).",7,7
114f57d7-e903-4e37-a077-f1edc4849053,6,3,FALSE,6,5,6,6,6,6,7,6,5,6,5,6,6,7,"Injustas qdo não tem sinopse ou cartaz para ver como será mais ou menos o filme.ou seja, qdo há pouca informação sobre o filme.",7,7
31491cfc-9f74-411f-9578-d3bba7ee7b67,6,3,FALSE,6,6,5,5,4,6,7,6,5,6,4,6,7,7,Não sei dizer,6,6
32decb29-1be5-4fb0-98e1-7eb00b8e7366,6,3,FALSE,7,7,6,7,7,7,7,7,5,7,6,7,7,7,Quando não é da minha preferência,6,6
39b281e5-6bdf-47f7-8808-d440549d8320,6,3,FALSE,6,7,6,7,6,7,4,7,5,7,4,7,7,7,"Apenas dois filmes indicados eu ainda não tinha assistido, então no geral, acredito que o algoritmo funciona bem.",7,7
405ea530-c012-4aa8-9f3c-c8c03138d780,6,3,FALSE,6,6,4,5,4,7,7,7,5,6,6,6,6,6,"Muitas recomendações parecidas. Todas as minhas recomendações foram de filmes de animação. Porém eu avaliei filmes diferentes, não somente de animação.",7,7
59619247-065e-4681-ba04-bf4751df9bca,6,3,FALSE,7,7,6,7,6,6,7,7,5,6,6,7,6,7,"Acho justo quando é recomendado filmes do gênero que normalmente assistimos.
 Acho injusto quando nas plataformas aparecem filmes que claramente não são do interesse do usuário.",4,6
5a1754ea-285f-44eb-b72f-18867da69b4f,6,3,FALSE,7,7,6,7,6,7,7,7,5,7,4,7,7,7,"Não concordo com a versão antiga do filme Sabrina de 1054, pois não havia nenhum filme antigo na minha lista inicial.",7,7
60af0a77-2252-4ef6-8d56-2f5f9ffe6347,6,3,FALSE,5,5,6,7,6,7,7,6,5,7,6,5,5,4,"Achei que deu sugestões de continuações de séries de filmes que avaliei. Não trouxe títulos diferentes, mas que fosse do estilo que eu gosto...",4,4
76c7d618-b353-447e-ad04-04af09adc9f6,6,3,FALSE,7,7,2,7,6,7,6,7,5,6,4,6,6,6,"Acho que tudo depende das perguntas básicas, que podem ou não gerar uma resposta satisfatória. No caso dos filmes, considero justas, pois me recomendou filmes que já assisti e outros que tenho interesse em assistir.",7,7
7845b87a-aa1e-4afd-b456-ba7916c23683,6,3,FALSE,4,6,7,6,7,7,4,7,5,5,3,7,7,7,"Achei justa, pois foi com base nos filmes que avaliei. Assim ele me utilizou de referência ou seja as minhas respostas. Pode ser que alguns eu já tenha assistido e gostado, no entanto só solidifica a opinião de que eu iria gostar e que o filme se encaixa no meu gosto",7,7
91c5c179-51e0-4ff5-aaf9-306de04d3a53,6,3,FALSE,2,5,1,7,7,7,6,4,5,7,7,4,4,4,"Recomendou os filmes baseado em apenas um dos filmes que eu dei nota antes, e mesmo assim recomendou filmes antes de 2000 e que eu ja tinha assistido todos. Entao o algoritimo precisaria conhecer mais filmes que eu tenha assistido e perguntado o fenero que mais gosto pra dar recomendaçoes melhores",7,7
ccd64099-bd32-4693-ba96-2a2e12f9363b,6,3,FALSE,2,3,4,3,6,6,4,4,5,4,4,2,3,2,"Recomendações injustas seria quando os filmes não coincidem com nossos gostos.
 
 E Recomendações justas seria quando os filmes correspondem exatamente com nossos gostos.",3,4
e8cd1ff6-3b19-44db-86f3-c0c0e52b6b36,6,3,FALSE,6,4,7,5,6,7,5,5,5,6,4,4,3,5,"Filmes de terror ou sentimentais não fazem meu estilo, as clássicas comédias se destacam, mas dentro os filmes muitos outros poderiam ser sugeridos",6,6
f5092956-3d76-4cad-8cf2-cac532d94e60,6,3,FALSE,4,6,3,7,4,6,7,6,5,7,3,6,5,6,Não deu para mudar os gêneros dos filmes,6,6
12f783ff-6d4b-4f8f-b5db-5ece155599ba,6,4,FALSE,2,1,3,3,5,3,7,5,5,5,3,2,2,1,"No caso desse questionário achei injusta as opções de filmes, pois a maioria eu não conhecia",6,6
208ae0da-f491-4af1-bfcf-4dac0d09f88e,6,4,TRUE,6,6,2,6,4,7,7,7,5,6,4,6,5,4,.,7,7
38e6a9fd-da8b-40c8-8d04-aea41f209aab,6,4,FALSE,7,6,5,6,6,5,6,7,5,5,4,6,6,7,Se fugisse muito dos gêneros que eu gosto,7,7
5580cf7b-968f-4dbe-8195-410b86884a62,6,4,FALSE,7,7,7,7,7,5,6,7,5,6,6,7,7,7,Em casos em que os filmes indicados sejam apenas os de maior orçamento ou os mais divulgados pela mídia. E assim os filmes menos divulgados poderiam ser esquecidos pelo algoritmo.,7,7
67be3af2-1aae-4f96-ade5-a2b7597867ad,6,4,FALSE,7,7,7,7,6,7,7,7,5,6,4,7,7,7,"Considero todas as recomendações justas, pois os filmes recomendados ou foram filmes que já assisti e gostei, ou são filmes que tenho interesse em ver, portanto, os algoritimos conseguiram entender bem as minhas preferências em relação a filmes.",7,7
a711ede8-abdc-40f9-897a-f8fea339c29f,6,4,FALSE,2,2,6,5,6,7,5,6,5,6,3,4,6,5,colocar filmes sempre com os mesmo atores,7,7
b2f9dd0c-54d6-48e3-a9fe-558a010a2b5f,6,4,FALSE,6,6,7,5,7,7,7,7,5,7,6,7,6,6,Existem alguma filmes que não acabam conquistando os críticos no entanto o público os adora!,6,7
b77f25ff-a79a-4fb5-99d0-434bbdb59a60,6,4,FALSE,6,6,7,6,6,7,4,7,5,7,4,6,6,5,"Recomendações justas , as que são parecidas com os filmes que vc há viu
 ...recomendações injustas....são filmes que não tem nada a ver com os que já viu",6,6
bf460257-75d3-44f5-99b6-f76dd726a6a3,6,4,FALSE,6,7,5,6,6,6,6,7,5,7,2,5,6,6,"Nesse caso em específico, achei que deu muito certo. Me foram apresentados filmes que já assisti e gostei muito. Acho que o sistema bastante funcional.",6,6
c2f75e9b-baaf-489a-91ed-1a3d67ea81ab,6,4,FALSE,6,6,2,6,6,6,6,6,5,6,3,6,6,5,"Eu acredito que esse algoritmo traz sugestões baseados nas nossas escolhas, muitos dos filmes que foram recomendados eu já tinha assistido e gostado. 
 
 Todas as vezes que usei de alguma pesquisa de algo, sempre entre as opções, mesmo que seja uma, tem algo que eu gosto. Então, pra mim, não acho problemático",6,7
c5bfface-d454-49c2-a0be-e554b3475c57,6,4,FALSE,6,7,7,7,6,7,7,7,5,7,6,7,7,6,Injustas quando não sugerem filmes baseados nas opções que selecionei. Justas quando sugerem filmes baseados nos gostos selecionados.,6,6
cade9368-1f4b-4803-a3ef-8cd044cd7096,6,4,FALSE,6,4,7,4,4,4,6,6,5,6,4,5,4,6,"Estou no meio termo, prefiro comédia romântica, e quase não tinha opções, então vou no injusta",6,7
eab7b45c-30fd-4f0d-a1d9-0bc56cb776da,6,4,FALSE,3,5,5,5,6,6,4,2,5,6,5,4,6,6,"Depende do gosto, por exemplo, se a pessoa está procurando um filme de comédia e ação, e aparece vários tipos de filmes de terror, isso é injusto com a pessoa q está tentando usar esse modelo para procurar e querendo ou não perde tempo e é indicado algo totalmente contrario do que esta procurando.",7,7
07462cc4-0613-41be-a64a-c0ef22f2137f,6,5,FALSE,6,7,7,6,6,7,5,6,5,7,6,6,4,6,"Considero um pouco injusta, se o usuario estiver com intenção de explorar novos filmes de acordo com a classificação sugerida atravez dos gostos pessoai, pois o sistema disponibiliza filmes renomados e de grandes produtoras, junto a filmes independentes e de baixos orçamentos, o que acba sendo tendencioso ao usuario optar pelos filmes renomados sem dar chances aos independentes.",7,7
3076f6c0-c326-4a02-923c-74cbf0ff168e,6,5,FALSE,5,5,5,4,5,7,7,5,5,5,4,4,5,5,"Kongfu Panda ele nos ensina a nunca desistir dos seus sonhos, por mais que os outros não acreditem em vocês.",5,5
4862f8ef-2516-4312-a5a0-d4db581a098a,6,5,FALSE,6,6,5,2,4,7,7,6,5,6,6,4,4,4,"Injustas quando prejudicam a experiência.
 Justas quando de fato tem a ver com o perfil da pessoa.",4,4
530bb63e-c457-409c-bd92-a25c9c2e9b4d,6,5,FALSE,7,7,7,7,7,7,7,7,5,7,5,7,7,7,"Achei justas pois os filmes que me recomendaram são do meu gosto, da minha preferência",7,7
57d98b1b-adfd-443a-b53a-a4b98f6600eb,6,5,FALSE,6,6,4,6,6,6,7,7,5,6,6,7,7,7,"Eu não acharia as recomendações injustas, tendo em vista que são baseados nas minhas preferências.",6,6
5f60d70d-8828-46c5-bd89-f676d1efdcf6,6,5,FALSE,7,7,5,7,7,7,7,7,5,6,5,7,7,7,"Acredito que quando o algoritmo entrega um filme que não tenho costume de assistir como terror e filmes com psicopatas acaba sendo uma recomendação injusta, pois não assisto esse tipo de filme. 
 Sobre as recomendações justas, assisto muito desenho, comédia romântica e drama , então acredito que filmes nesse estilo são legais.",7,7
69e7a48c-bd3d-4e7a-a1fa-63abd07841ab,6,5,FALSE,6,4,3,4,5,6,6,6,5,7,3,5,4,3,Acho justo na quando a recomendação são parecidas com os filmes que já vi. Em alguns streaming eles indicam de forma bem parecidas. Mas as vezes é injusto na questão de também indicar filmes q eu não iria assistir. Mas nada e perfeito.,6,6
7fea6fab-6054-4060-a4d6-12ad62eb64f2,6,5,FALSE,5,5,5,5,5,5,4,5,5,5,5,5,5,5,Considero as recomendações justas.,5,5
83341672-9c61-4120-89af-0d159e63ec1a,6,5,FALSE,7,6,1,4,7,5,7,7,5,6,3,7,6,7,Na maioria das vezes. O ser humano evolui a cada dia e com isso muitas mudanças ocorrem. Amanhã posso não ter os mesmos gostos que ontem ou hoje e me recomedarem coisas que estou acostumada não ajuda essa situação. Sou a favor da ecleticidade.,7,7
8ab1aab9-5499-4597-a0aa-bf8076450570,6,5,FALSE,2,7,7,6,6,7,7,7,5,6,6,7,6,5,Considerobelas injustas quando não tem nada haver com meu gosto. E considebelas justas quando apresenta várias opções no estilo que eu gosto.,6,6
ad88f122-1d6a-48be-93a7-ea9d2e9db0c0,6,5,FALSE,6,6,6,6,4,7,7,7,5,6,5,6,6,6,As recomendações feitas firam justas pois seguem um padrão de filmes em que meu gosto cinematográfico é levado em consideração. Seria injusto usar o algoritmo para promover filmes em que não batem com o meu gosto particular.,7,7
b0fa9874-6f9a-4475-a7a9-125545393152,6,5,TRUE,6,5,5,5,5,6,5,6,5,7,7,5,5,5,Injustas quando eles não mostram os filmes que eu não gosto.,6,5
cb8512fa-d57a-4658-863d-8fa756dcd6cb,6,5,FALSE,6,7,5,7,7,6,7,7,5,5,3,6,6,6,"As seleções apresentadas são previsíveis dentro das escolhas que eu fiz anteriormente, arrisco dizer que são bem óbvias até. Mas não são indicações ruins. Só esperava ser mais surpreendida.",7,7
e20e7883-3462-418c-8b69-aacd8084261a,6,5,FALSE,7,4,1,4,4,4,7,6,5,6,4,6,7,6,"Se fosse recomendados sempre o mesmo gênero de filme séria injusto, porém como existe a opção de escolher o gênero e bem justo",7,7
59407c3e-cc11-427d-b880-b674474d68f0,7,0,FALSE,5,5,2,2,3,6,7,7,5,6,4,5,6,7,"Eu consideraria justa se o algoritmo selecionasse filmes que se encaixam ou relacionam de alguma forma com o meu gosto, e acharia injusto se fugisse totalmente do que eu assisto. Se assisto romance e ação, não vejo por que receber recomendações de terror e suspense, por exemplo, ao menos que estes tivessem algo considerável de romance ou ação.",7,7
72625634-3b13-45f5-8a3f-e4bd15eaefc3,7,0,FALSE,7,6,5,6,7,7,6,7,5,6,4,6,6,7,"Acredito de dependendo da forma como o indivíduo use esse algoritmo pode sim ser benefícia, alguns dos filmes que me foram indicados são filmes que considero queridinhos.",7,7
7af0351c-7824-4b3e-a346-51344cffa260,7,0,FALSE,6,7,7,7,5,6,7,6,5,6,6,7,7,7,"Não acredito que seriam injustas, os filmes que avaliei não são os meus preferidos, porém já assisti tempos atrás e gostei bastante, com base nas minhas avaliações eu achei as recomendações bem semelhantes, fez bastante sentido pra mim as indicações.",7,6
84c0703b-a0ba-4569-81e5-b06e53613884,7,0,FALSE,7,6,7,7,7,6,7,7,5,7,6,7,7,7,Poderiamos considerar seleções injustas ou problemáticas dependendo do conteúdo a ser sugerido por exemplo um filme para adulto quando é uma crianca que irá assistir. Acho uma ótima ferramenta esses algóritimos automatizados uma vez que eles tendem a economizar nosso tempo na hora de procurar algo para assistir e nos guia em busca de novos filmes.,7,7
90d97953-1cdd-4e61-a3f6-07a04148630c,7,0,FALSE,6,6,7,7,7,7,7,7,5,7,7,7,6,7,"Seria injusto se eu der uma nota abaixo de 3, por exemplo, e ele me recomendar um filme relacionado. 
 Justo seria se ele me recomendar somente filmes relacionados aos que eu dei uma nota alta.",7,7
9c546bf7-310f-4439-8727-2b63321306f0,7,0,FALSE,7,7,7,7,7,1,6,7,5,7,5,7,7,7,"Recomendações vok estrelas e capa do filme e sinopse 
 E Recomendações injustas se não tivesse capa do filme e nem sinospe",6,7
b22b6e6e-b1f2-41f6-a66d-e9b4bba64a4f,7,0,FALSE,7,7,1,4,7,3,7,7,5,7,6,7,7,7,"Não considero injusta pois foi um filme de cada gênero, então sistema avaliou, na minha opinião, que eu assisto mais animações e terror, o que levou o sistema a me indicar mais filmes nessas categorias",7,7
b3215a09-1ffe-460f-b13a-6124ee2e5771,7,0,FALSE,6,6,1,7,4,7,7,7,5,7,7,2,6,4,"O Sistema quando me deu inicialmente a chance de escolher filmes, na parte de procura, ele não encontrou vários filmes que eu coloquei para procurar. Mas achou pelo menos 2 do que eu procurei, o restante avaliei os que já tinham aparecido para avaliar, e que eu conhecia. Enfim ele recomendou em cima disso. Eu já assisti os filmes que foram recomendados, então eu assistiria eles, assim como já assisti.",4,4
b97222fa-e9b6-451e-81bf-30c694680f9e,7,0,FALSE,7,7,7,6,6,6,7,7,5,7,5,7,7,7,"Injustas através de pesquisas, mas justas quando baseadas em filmes que já assisti",7,7
c568f158-8a66-40e5-96f4-44a0d93ea913,7,0,FALSE,6,6,6,7,7,6,7,7,5,7,4,7,6,6,Não sei.,7,7
cadbf250-9596-4f3e-8fa1-c2b7a3fba7ec,7,0,FALSE,6,6,5,6,7,5,7,5,5,6,4,5,5,6,"Consideraria injustas quando recomendasse filmes que não são do meu gosto, ou que não tem as características que delimitei. Justa seriam as recomendações baseadas nos meus critérios, que fazem sentindo com o que apresentei como requisito.",5,6
33aa3cb8-fb70-4cc1-bf4e-0bcf6ea30cb9,7,1,FALSE,7,7,7,7,6,6,7,7,5,6,4,7,7,7,"Eu não acho injustas, pois se baseiam nas nossas escolhas, achei bem coerente.",7,7
5bbc5d8e-8b94-4bbc-8312-09e7444a5d94,7,1,FALSE,7,7,5,7,3,5,7,7,5,7,6,7,7,7,"Gostei, as indicações foram de acordo com meu gosto e com indicações atuais que sem dúvidas assistiria.",7,7
6303db17-6a29-4cbd-ab34-2c5de636b580,7,1,FALSE,5,5,1,1,6,7,7,7,5,6,6,4,5,3,Não sei responder,7,7
656f2869-5e1b-490c-90cf-81d9c91688c3,7,1,FALSE,5,6,4,7,7,7,7,7,5,7,6,6,7,7,"Acredito que seria injusto se tivesse indicado algum filme de um gênero que não gosto, como terror, por exemplo.",7,7
66a7b9f1-6b95-4ef2-8e47-842ce5e43920,7,1,FALSE,7,7,6,7,4,7,7,7,5,7,6,7,7,7,"As recomendações apresentadas foram de estilos semelhantes aos filmes que avaliei. Não achei as recomendações injustas, entretanto, já assisti praticamente todos os filmes recomendados.",7,7
7e0d1a0c-8f05-4bb8-8628-403e19696b8a,7,1,FALSE,7,7,7,7,5,7,7,7,5,7,6,7,6,7,"Em nenhum caso pois só vamos saber se o filme é bom se assistimos, pra mim o sistema de recomendação iria ajudar a não ficar na dúvida de que filme assistir",7,7
7e2d5b9e-a343-4a60-968a-9adc443805ac,7,1,FALSE,6,5,1,4,6,2,7,6,5,5,4,6,6,6,"Injusta quando você espera uma boa recomendação e aparece uma recomendação sem relação ao seu gosto de filme.
 Justa quando recomenda um filme do gênero que gosta e supera as expectativas.",7,7
865e8120-d3ec-4b15-a173-683f74303f97,7,1,FALSE,7,7,7,7,7,7,7,7,5,7,7,7,7,7,Achei justo me recomendar a sequência da série pq eu selecionei o primeiro filme.,7,7
99bd0027-d143-43d7-bb73-632b54979c0f,7,1,FALSE,6,6,5,6,6,7,7,7,5,7,5,5,6,7,"A recomendação de um filme que já é muito popular, na minha visão é injusta. Gostaria que fossem recomendados filmes mais desconhecidos, assim aumentaria a probabilidade de que a pessoa ainda não tenha assistido.",7,7
cb6e4cbb-3b43-4cd1-a50c-53132d750e89,7,1,FALSE,6,6,7,7,7,7,7,7,5,6,6,6,6,7,"Se as recomendações não tivessem a ver com o estilo de filme que eu gosto não seria útil, mas, nesse caso, é útil",7,6
d362c2c2-16f3-4fb4-8b03-1d1398778132,7,1,FALSE,7,7,7,7,7,7,7,7,5,7,6,7,7,7,Justa em todos os casos,7,7
da26c1b3-1fe7-474d-9efd-330b1bbe4ca6,7,1,FALSE,7,6,1,7,7,7,7,7,5,7,3,7,7,7,Nenhum,7,7
e332bbbb-38ee-48a7-945e-14f2d811832f,7,1,FALSE,7,3,7,6,7,7,7,7,5,7,4,7,7,7,"Seria injusto se recomendasse apenas filmes de alto orçamento, mas não foi assim.",7,7
e9ec181a-a054-42c1-9091-427935767cb2,7,1,FALSE,7,7,7,7,5,5,7,7,5,5,6,7,6,7,Algumas recomendações em alguns aplicativos de filmes e séries parecem não levar em consideração como este sistema as preferências do cliente expondo mais os conteúdos em que eles querem exibir e menos os que realmente teriam compatibilidade com os gostos do cliente deixados claros nos demais conteúdos consumidos,6,7
fca13d48-218e-4c59-b1a5-d26f5eb0b996,7,1,FALSE,5,6,7,7,7,7,7,7,5,5,1,5,7,7,"Considero justa pq o algoritmo se atém ao seu gosto pessoal, mais vc acaba ficando preso somente naquilo não tem a oportunidade de conhecer e ter novas experiências",7,7
035a718a-3132-4e05-8143-4e4bd8f5e917,7,2,FALSE,5,4,5,5,7,7,7,5,5,6,4,5,6,6,Sinceramente não sei,6,7
1b560856-3a54-4d11-89c0-73306463037b,7,2,FALSE,7,7,7,7,7,7,7,7,5,7,7,7,7,7,"Quando não visam realmente o que o telespectador realmente gosta,apenas faz uma seleção aleatória pouco detalhada.",6,7
26b78bc3-ac77-41fb-90dc-818106dda37b,7,2,FALSE,6,3,2,7,5,6,7,6,5,7,6,5,5,5,"Acho que as recomendações seriam mais justas caso a pessoa escolha um tema, caso contrário nem sempre as recomendações sairá com o tema de sua preferência",7,7
2f665928-096e-4d65-8a8c-6724278bcacc,7,2,FALSE,7,7,6,1,6,7,7,7,5,6,6,7,7,7,Nos casos de Filmes que não estão de acordo com as preferências estabelecidas.,7,7
3d84f1df-55e9-4c4b-8199-5ded095548c9,7,2,FALSE,4,3,1,3,4,6,5,7,5,3,5,6,3,5,"Até que gostei um pouco dos filmes recomendados, não achei problemática ser por inteligência artificial.",6,5
4832eae0-c6a0-428a-9837-838cf9701e17,7,2,FALSE,7,6,5,5,5,6,6,6,5,7,5,5,5,6,"Pra mim foi justo, me indicou os q gosto de assistir.",5,6
69dba1d9-2ac0-4195-a22d-52301a16e6c5,7,2,TRUE,6,5,3,2,7,5,4,7,5,5,4,5,5,5,"Recomendações justas seriam aquelas realizadas com base em minhas preferências relacionadas a características específicas dos filmes assistidos/avaliados por mim.
 
 Recomendações injustas seriam aquelas baseadas em meu perfil pessoal e que poderiam restringir os resultados. Por exemplo: se informo em meu perfil que meu grau de instrução é superior completo, não seria justo o sistema recomendar apenas filmes considerados clássicos ou cultos, com temas requintados; afinal, eu também posso querer assistir filmes com o objetivo único de entretenimento/passatempo (e vice-versa).
 
 Recomendações também seriam injustas no caso do sistema exibir resultados baseados exclusivamente em minhas preferências predominantes. Por exemplo: se a maior parte dos filmes assistidos/avaliados por mim são do gênero ação, seria injusto que somente filmes desse gênero fossem recomendados ou prevalecessem na recomendação, sem considerar que gêneros raramente assistidos por mim também podem se tornar relevantes.",7,7
6e1167b2-e695-4439-b32a-5e2cc43647cd,7,2,FALSE,6,6,7,4,7,7,7,7,5,6,6,7,7,7,Aquelas que apresentassem gatilhos,7,6
7e914cc4-0f3d-448d-a1ae-4f2c9b03a045,7,2,FALSE,7,5,7,7,1,7,6,7,5,5,5,6,7,7,"Demônio, eu não assistiria",7,7
c131af60-10f1-4e32-b049-ecf13c91cab6,7,2,FALSE,7,6,3,6,6,2,7,7,5,3,3,6,6,7,"Na minha opinião acho que aquelas enquetes são um pouco injustas , pois as vezes nem se conhece o ig, e os participantes pedem para os amigos votarem, e as vezes filmes/livros/fotos fantásticas muito bem feitas são desclassificadas por nivel baixo de votação. 
 Acho que respondi certo a pergunta neh. ;)",7,7
45775c86-7ad4-4855-8ffa-2d039a846614,7,3,TRUE,3,1,2,2,6,5,7,5,5,4,2,1,2,2,Quando insistem em recomendação que já foram descartadas .,7,7
468f17af-2b8a-4dfd-91b0-cc521c9abf4f,7,3,TRUE,6,7,1,6,7,7,5,7,5,7,6,7,7,7,"No filme de terror, foi escolhido outro filme de terror famoso.",6,7
4d8601e6-047d-4236-8424-aaa97d0633a5,7,3,FALSE,6,7,7,7,4,7,7,7,5,6,6,7,6,7,"No geral, filmes que se tornam populares tem mais chance de serem indicados. Muitas vezes, as pessoas não os assistiram porém já ouviram falar destes. É diferente, por exemplo, de filmes poucos conhecidos, que correm a possibilidade de não serem indicados",7,7
5db4ce7d-5a41-44a1-a74a-c7f3651b8c2b,7,3,FALSE,5,4,1,1,6,7,5,3,5,6,6,1,2,1,"Apenas os filmes de terror foram boas recomendações, do resto eu não entendi o porquê me foi recomendado",7,7
80b39f1a-8cfb-4d7d-92ac-5f2e47fc5c09,7,3,FALSE,6,6,7,7,7,5,7,7,5,5,5,7,7,7,Filmes classificados como tal gênero ou faixa etária incorretos. Que não oferecem aquilo que divulgaram,7,7
9f9c150e-1929-4852-adda-2c90e480f150,7,3,FALSE,7,7,4,7,1,7,7,7,5,7,6,7,7,7,"Acho que recomendações de filmes justa são quando os filmes recomendados estão dentro do gosto pessoal da pessoa, foi oque aconteceu comigo gostei muito dos filme recomendados para mim",7,7
a113b9b8-caff-4967-bd39-ea60b7410170,7,3,FALSE,7,7,7,7,7,7,6,7,5,7,6,7,7,7,"Gostei da recomendação de todos os filmes, pois se relacionam com as opções que havia escolhido anteriormente. Portanto, foram seleções justas. Seleções injustas seriam aquelas onde os filmes não se relacionassem com o gosto de quem está fazendo a pesquisa.",7,7
a68022f9-a665-4389-b62c-79e164c86c24,7,3,FALSE,7,7,5,7,7,4,7,7,5,7,3,5,5,5,Quando só aparecesse de um personagem só,7,7
afd65745-b69c-4dc5-8ed5-52cc2493f62b,7,3,FALSE,7,7,5,7,7,7,7,7,5,6,5,6,7,7,Acho justa quando eles usam os filmes que eu assisti como base para recomendação,7,7
b5106e28-51b1-4fc9-8747-c7b034cc1fcf,7,3,TRUE,7,7,5,7,7,3,7,7,5,5,5,7,7,5,"No meu caso eu gosto mais de filmes de ficção e fantasia, mas como mexo muito no celular e acabo curtindo coisas de outros gêneros aparecem sugestões baseadas nisso. Então não tem justo ou injusto, é a forma das pesquisas que vemos.",7,7
d6399a76-fb88-41a2-938f-88a565099f71,7,3,FALSE,2,3,1,1,1,7,7,6,5,1,1,2,2,5,Filmes totalmente fora do meu perfil,7,7
1140d5b1-8b1e-4637-b5bd-0f5d5484704b,7,4,FALSE,6,6,7,6,4,6,7,7,5,7,4,6,7,7,"Injusta quando baseadas apenas em um filme de certo gênero, como um caso isolado.
 Uma recomendação justa seria baseado em gênero ou ator que eu tenha pesquisado ou assistido.",7,7
15096592-97b2-40df-82ec-1e976aa21359,7,4,FALSE,6,5,2,4,5,5,7,6,5,6,5,5,5,5,"Acho justo porque esses algoritmos te recomendam filmes que vai de encontro aos filmes e gênero que já é só seu gosto, contudo é injusto para se conhecer filmes fora da sua zona de conforto.",6,6
26956bc8-2027-47e7-a6e2-8559ec43854a,7,4,FALSE,6,6,3,7,6,5,6,7,5,3,1,6,7,7,Quando as grandes produtoras pagam engajamento e os sites de busca priorizam esse material em detrimento do resultado da coleta de dados,7,3
2fbb737e-ad8c-400d-858c-f885b000cc0c,7,4,FALSE,7,7,7,7,7,7,7,7,5,7,4,7,7,7,"Um algoritmo eficaz deve fazer sugestões baseada no gosto do público alvo. Uma sugestão injusta seria algo totalmente fora do procurado pelo público, desrespeitando suas preferências pré definidas",7,7
3bce0249-623d-4fdd-ad79-6e39d7961001,7,4,TRUE,5,4,6,5,6,6,4,6,5,5,3,5,4,5,"Depende da definicao utilizada para ""justo"" ou ""injusto"". No caso, comsidero que ""justo"" dlseria uma recomendação que se revelasse relevante. E ""injusto"" não relevante.",7,7
3c3b0aed-86c4-40d1-b50e-5da07d211aa4,7,4,FALSE,4,4,1,5,5,7,7,7,5,6,4,5,5,6,"Algumas recomendações são injustas, pois as pessoas têm gostos diferentes e por isso um determinado filme pode não funcionar para um, mas para outra sim e se esta última se basear na opinião da primeira pode perder de ver um ótimo filme.",7,7
4c31d6eb-7b9e-4561-a213-7d45414465de,7,4,TRUE,6,7,1,7,7,7,7,6,5,7,6,5,6,7,"Eu acho que uma recomendação injusta seria forçadamente recomendar um filme que não tem nada a ver com o perfil do usuário, em prol de promover alguma ideia. Por exemplo, o usuário é fã de filmes de animação para crianças, mas aparece a recomendação de um filme de crime que Pagou para a plataforma aumentar a taxa de recomendação desse filme. Logo, o filme de crime foi recomendado não porque ele bate com I perfil do usuário, mas porque ele teve um “peso” que fez com que ele fosse recomendado. Isso eu acho que seria uma recomendação injusta",4,5
4d617202-5ab6-4eb1-918f-fc42393b683d,7,4,FALSE,6,6,6,6,7,7,6,7,5,6,5,5,6,5,A maior parte das recomendações eu já tinha assistido.,7,6
4fe923c1-b52b-4c6c-afc5-1ecc7c1a5fe8,7,4,FALSE,3,3,2,3,3,3,5,5,5,3,3,3,5,3,"Justas seriam baseadas no perfil de cada pessoa, e injustiça seria basear essas recomendações em apenas alguns filmes que a pessoa viu",3,5
539c2ed1-c22c-4b2a-8abf-841842ba9852,7,4,FALSE,5,6,7,7,7,7,7,7,5,7,7,6,7,6,Seria injusta pois com um sistema de algoritmo o programa acaba escolhendo filmes muito semelhantes ao que já assistiu e consequentemente não assistido coisas diferentes que tem também a possibilidade de gosta. Ficaria muito restrito o temas e impossibilitado novas oportunidades de assistir coisas novas . As coisas boa das recomendações seria Menos chance de ser frustra na escolha do filme já que app vai sugerir coisas que vc já tá habituada a assistir,7,7
5826adae-a0ba-4877-86ad-c879de6ebfbd,7,4,FALSE,6,5,7,5,7,5,7,7,5,3,3,7,7,7,"Achei pouco injusto, pois a maioria eu não conhecia, então dei poucas estrelas, então a inteligência artificial definiu meu gosto a partir disso, e no final, os filmes que apareceram não eram do meu gosto, porém alguns eram e achei bom por que eu tive opções de ficar na minha zona de conforto ou sair dela.",7,7
61bebbab-5ac0-465b-92ad-7b5b554b2bb5,7,4,FALSE,6,7,7,6,7,7,7,7,5,7,6,7,5,7,Eu considero justas até pq ele me recomendou filmes que tinham a ver com o que eu escolhi agora injusto seria se ele me indicasse filmes completamente diferentes da minha opinião aí sim seria injusto,4,5
6a3c861f-35a5-4346-b34d-ae5ce3957c77,7,4,TRUE,7,6,1,4,4,7,7,7,5,6,4,6,6,4,Eu não compreendo o que seria uma sugestão injusta. Para mim o termo não se aplica ao caso.,7,7
70874ffd-ae0b-4479-afb3-cf85f57ba160,7,4,FALSE,6,6,7,7,4,7,7,7,5,5,4,5,6,6,"No meu caso as recomendações foram assertivas, portanto, justas. Injustas seriam somente se não houvesse filtro de idade. Neste caso seria uma problemática, essa recomendação automática.",5,7
78a50c52-5cc5-44ed-99b8-74a89afc2637,7,4,TRUE,6,6,5,7,7,1,7,7,5,1,1,6,7,7,Quando não batem com o perfil de filme aue geralmente eu assisto e quando me indicam um filme que eu já disse achar ruim,7,7
80e32af6-6ebc-4896-9257-392ad6fb83ff,7,4,FALSE,7,6,6,1,1,7,7,7,5,6,6,7,7,7,Não sei dizer.,7,7
8ff941a2-e202-4844-8333-844b3d8d8a34,7,4,FALSE,6,5,6,5,7,6,6,6,5,6,6,6,6,6,A recomendação de filme injusta seria um filme com boa proposta e enredo ser avaliado como classificação baixa de recomendação e o filme com enredo ruím see classificado como alta recomendação,7,7
9c8c5fc0-d309-430c-9b94-68e3bab0841a,7,4,FALSE,7,7,4,7,5,6,7,7,5,6,6,7,7,7,Acho que consideraria injusta se fossem recomendados somente filmes de um mesmo estúdio.,6,7
a412d99e-115b-4bda-8771-bc2402cbfd81,7,4,FALSE,7,7,6,7,5,7,7,7,5,7,7,7,7,7,"Talvez possa ser classificada como injusta por recomendar filmes famosos, e não filmes mais desconhecidos ou de menor orçamento.",7,7
a5ea61b0-e20e-477d-a985-09ede3c07d50,7,4,FALSE,6,5,3,6,6,6,7,6,5,6,2,7,5,4,Acho que seriam injustas quando me oferecessem filmes realmente foram do meu padrão,4,4
c8703f14-589a-45d6-87b3-753512286ec6,7,4,FALSE,5,4,3,3,6,6,6,6,5,6,6,7,6,6,"Gostei das recomendações. Pois sou muito apaixonada por animações em geral e considerei as recomendações justas. 
 O que sentir falta na pesquisa foi as descrições dos filme pois alguns eu não conheço e com os resumo dos filme me incentivaria a conhecer esses outros. :)",6,6
dd4c0948-266e-44aa-bc79-95be5cc73a69,7,4,FALSE,4,3,5,3,6,7,5,6,5,6,5,4,4,2,"Quando recomendam algo que o espectador não assistiria de espontânea vontade, por exemplo um filme de terror como Sobrenatural, eu não assisto, sendo uma injusta recomendação.",6,6
fb048bba-9788-423e-aec3-ad4a33eaf95d,7,4,FALSE,7,6,7,2,6,7,7,7,5,7,5,7,5,6,Não sei responder,7,7
0b9dfbc8-7465-49a2-bfd0-c8273ea564b4,7,5,FALSE,7,7,7,7,7,7,7,7,5,7,7,7,7,7,Consideraria injusta a indicação de filmes quando o filme não é nenhum pouco interessa te e não tem base com o que está proprondo,5,7
1426d07b-99a0-40ba-a8ce-b77f4e0cf9be,7,5,FALSE,7,7,6,7,7,3,7,7,5,7,4,6,6,6,Achei justo,7,7
305abe92-df56-4571-b345-774bf009e3db,7,5,FALSE,6,6,7,7,6,4,7,7,5,6,3,6,7,7,Se os filmes não fossem relacionados com minha escolha anterior,7,6
46a85a30-bd3c-44a1-b665-980decfc76d3,7,5,FALSE,6,6,6,7,7,7,7,7,5,6,3,6,7,7,Em nenhum,7,7
48053a9a-9e4e-4fe8-bb6f-c67bacb7d327,7,5,FALSE,7,6,1,7,7,7,7,7,5,4,4,7,7,7,"Depende muito, tipo se aparecesse nas indicações um filme que achei tão ruim que não queria ver nunca mais e apareceu nas minhas indicações já se encaixa como indicação injusta na minha opinião pessoal. Quando aparece filmes que eu já assisti e amei, eu gosto bastante pois não me importaria em assistir de novo. E aparecendo filmes no mesmo estilo já vão para a minha lista.",7,7
5a37e6ab-93a5-4770-8b6e-8af21814350a,7,5,FALSE,6,6,7,6,7,6,6,6,5,6,4,6,6,6,"Acho que as recomendações que foram injustas foi os filmes de terror, pois não tenho interesse, e acho que foi justa na parte de ação e de desenho, a maioria eu já assisti e gostei das indicações que eu ainda não conheci.",6,6
70a3167a-7b6b-4258-927b-33c5697bedec,7,5,FALSE,6,5,5,6,6,7,7,6,5,7,6,6,6,4,"Injustas se fosse baseado somente em pesquisas com conteúdos ja feitos, por exemplo, justas se fosse baseado em filmes que eu ja assisti",6,6
803b5db2-e67c-49a8-a940-472cc9d4d6f5,7,5,FALSE,4,4,2,5,4,7,4,7,5,6,6,3,5,5,"Acho justa no sentido que são escolhas feitas por uma inteligência artificial, que se baseia em como nos comportamos na internet e não tem como ter acesso ao que realmente pensamos ou gostamos, mas se aproxima bastante do esperado.",7,7
88f0c954-4e65-4eb3-9866-ae5e289be0e5,7,5,FALSE,7,7,7,7,7,7,7,6,5,7,4,7,7,7,"Acredito que seja justa quando queremos assistir algo novo, aí já vem uma seleção com possível gosto.",7,7
94cf1fdf-1906-46a0-9bce-8a6f529fdc87,7,5,FALSE,4,6,5,3,7,5,6,7,5,5,2,6,6,7,"Nem sempre as recomendações devem ser previsíveis, baseadas em escolhas anteriores, é bom sim ter embasamento, mas novidades são boas",7,7
b299a04e-00d7-4766-89a8-067c934a203e,7,5,FALSE,7,7,1,7,7,7,7,7,5,7,6,7,7,7,"Na minha opinião são justas sim, como sempre estamos cercados por tecnologia, de uma maneira ou outra o algoritmo praticamente sempre sabe nossa preferências.",6,7
bc7ba377-24e8-4247-86b7-67839803e974,7,5,TRUE,7,7,5,7,7,7,6,7,5,6,5,7,7,7,"Recomendação justa quando vai de encontro com aquilo que gosto, caso contrário seria uma recomendação injusta",6,6
cac9ef1a-c1a6-41ad-be38-2b3864ac3c6b,7,5,FALSE,6,5,7,6,4,7,7,6,5,4,1,7,6,6,"As reclamações foram justas, pelo menos pra mim. Recomendações bem relevantes.",7,7
01f5bae1-30ea-478b-b70c-ba1ac32b67f6,#N/A,0,FALSE,1,1,1,1,7,7,1,1,5,1,7,4,4,4,Dinheiro 🏧 💰 💳 corrompe o sistema ate pra indicar filmes 🎥,7,7
23d6f372-9e8e-4d3d-92c4-606c59eb74eb,#N/A,0,FALSE,6,2,4,4,4,7,7,7,5,4,6,4,4,4,.,,
250c5843-7d04-4dc8-b0f1-f09c8e2df345,#N/A,0,FALSE,7,6,7,7,6,7,7,7,5,6,7,6,6,5,,,
58f19cfa-b446-4b15-89f9-cc980c460faf,#N/A,0,FALSE,7,6,7,7,3,5,7,7,5,7,3,7,7,7,,,
96a071a2-1d36-4a36-81e1-d9301c0c57a3,#N/A,0,FALSE,5,5,4,6,6,7,4,4,5,7,3,5,5,5,,,
c6a156b1-7d3b-4d54-9a9f-d000b9827f63,#N/A,0,FALSE,7,6,7,7,6,5,7,7,5,5,6,7,6,7,,,
d657960d-0e0f-4cdf-9ea5-90ca59e584e3,#N/A,0,FALSE,6,6,4,7,4,5,4,7,5,6,6,6,6,5,#N/A,,
61af7a69-4219-4cda-b96b-20409a78e682,#N/A,1,FALSE,6,6,7,5,6,7,5,6,5,5,6,6,6,7,#N/A,,
6e8233b3-12f2-44eb-bd0f-96367d812cb1,#N/A,2,FALSE,7,7,3,7,4,7,6,6,5,7,4,6,3,6,"Eu consideraria injusta, se me recomendasse um filme que seja muito fora do estilo que eu gosto. Por exemplo, eu não gosto de filme com violência e que mexa muito com o psicológico.",7,7
8a1f04f5-5d14-42b3-8467-373192bc0c4f,#N/A,2,FALSE,5,6,2,7,6,6,7,6,5,6,5,6,7,6,,,
d2692685-47a1-484b-88dd-2cef7a81a798,#N/A,2,FALSE,3,3,2,4,1,5,6,6,5,6,7,4,6,5,#N/A,,
60e4d8c1-043b-4f28-8929-05add54a4a31,#N/A,3,FALSE,3,4,1,4,5,5,3,3,5,4,4,2,2,6,#N/A,,
bece9278-9fc1-46be-b0e5-2cd251eb7789,#N/A,3,FALSE,5,5,1,6,6,6,5,6,5,6,3,6,6,6,,,
2d8a9d5f-c4e5-443f-95de-bafc108f8462,#N/A,4,FALSE,7,6,5,4,6,5,4,6,5,5,5,6,6,7,Justas,,
649e5738-3f4a-4727-a813-fa287ab3a34d,#N/A,4,FALSE,6,4,5,4,5,7,3,7,5,7,3,6,4,4,Justa,,
826e7d27-42ca-4026-a7e4-4219f0e5c937,#N/A,4,FALSE,6,7,7,7,7,6,7,6,5,7,6,6,7,7,#N/A,,
89e4246f-99fd-4ddb-8e6c-703bc0a6ad99,#N/A,4,FALSE,4,4,3,5,2,6,7,2,5,7,3,5,6,6,#N/A,,
937d5f67-ce45-425b-962c-43987ed64be1,#N/A,5,FALSE,3,2,6,5,1,2,2,2,5,2,2,1,1,1,A recomendação injusta seria um filme com ótimo de enredo e ótimas propostas ser avaliado como péssimo filme e os filmes como com enredo franco ou ruím serem classificados como ótimos filmes,1,1
c0cdda02-f6c9-4867-aee1-49509a6e03e1,#N/A,5,FALSE,6,5,5,6,4,6,7,7,5,6,6,6,7,7,"Eu considero justo, pois depois que coloquei minhas opções me apareceram opções que eu gosto",,
e208eaf1-aea1-4a7b-94ac-c4b3f68e9763,#N/A,5,FALSE,5,5,5,5,6,5,7,5,5,6,5,3,3,3,"No geral foram recomendações injustas.
 Na minha opinião disponibilizaram muitos filmes que eu desconhecia.",,
eca39a3f-a0ca-4d9c-8abb-9d50d162c283,#N/A,5,FALSE,7,7,7,7,6,7,6,7,5,7,4,7,7,7,#N/A,,